updates,steps,episodes,gems_per_life,exit_pct,death_pct,timeout_pct,steps_per_s,entropy,value_loss,approx_kl
1,1536,6,0.333,0.0,100.0,0.0,696,1.5995,23.991,0.0082
2,3072,16,0.75,0.0,100.0,0.0,771,1.5941,31.0017,0.00188
3,4608,21,0.667,0.0,100.0,0.0,775,1.5823,12.3212,0.00031
4,6144,28,0.571,0.0,100.0,0.0,771,1.5703,20.4369,0.00117
5,7680,29,0.552,0.0,100.0,0.0,757,1.5271,4.106,0.00986
6,9216,34,0.765,0.0,100.0,0.0,761,1.4665,13.058,0.00632
7,10752,40,0.875,0.0,100.0,0.0,753,1.4275,17.1157,0.00058
8,12288,45,0.889,0.0,100.0,0.0,745,1.4432,11.5378,0.00128
9,13824,48,0.917,0.0,100.0,0.0,751,1.4508,8.9405,0.00142
10,15360,51,1.0,0.0,100.0,0.0,760,1.4465,8.0895,0.00053
11,16896,55,1.164,0.0,100.0,0.0,765,1.4862,9.9597,0.00212
12,18432,58,1.241,0.0,98.28,1.72,769,1.5077,3.3296,0.00227
13,19968,62,1.194,0.0,93.55,6.45,770,1.5309,2.8496,0.00653
14,21504,68,1.162,0.0,89.71,10.29,774,1.5255,6.7847,0.00908
15,23040,78,1.218,0.0,82.05,17.95,773,1.5264,7.1832,0.0033
16,24576,86,1.209,0.0,81.4,18.6,771,1.4837,15.7349,0.00207
17,26112,88,1.227,0.0,81.82,18.18,773,1.4513,3.2748,0.00799
18,27648,94,1.255,0.0,79.79,20.21,774,1.4088,5.3948,0.00127
19,29184,104,1.317,0.0,79.81,20.19,772,1.3978,15.7985,0.00106
20,30720,112,1.268,0.0,78.57,21.43,767,1.4253,13.9171,0.00201
21,32256,119,1.286,0.0,79.83,20.17,764,1.4387,12.9058,0.00111
22,33792,123,1.268,0.0,80.49,19.51,764,1.4714,7.4198,0.0011
23,35328,127,1.291,0.0,81.1,18.9,766,1.4584,6.0243,0.00092
24,36864,129,1.318,0.0,81.4,18.6,765,1.4819,5.4491,0.00604
25,38400,133,1.353,0.0,81.95,18.05,766,1.4933,10.7712,0.00214
26,39936,138,1.406,0.0,82.61,17.39,767,1.5062,11.9071,0.00484
27,41472,141,1.397,0.0,81.56,18.44,765,1.5175,2.8791,0.00121
28,43008,144,1.424,0.0,81.25,18.75,764,1.5056,4.4866,0.00501
29,44544,148,1.412,0.0,79.73,20.27,761,1.4711,3.0017,0.00232
30,46080,150,1.4,0.0,78.67,21.33,760,1.4351,0.8387,0.00159
31,47616,154,1.416,0.0,77.27,22.73,759,1.4217,2.8943,0.00324
32,49152,157,1.408,0.0,76.43,23.57,757,1.388,3.0342,0.00178
33,50688,159,1.396,0.0,75.47,24.53,759,1.3773,0.7759,0.00228
34,52224,165,1.376,0.0,73.33,26.67,758,1.3697,3.5887,0.00574
35,53760,168,1.357,0.0,73.21,26.79,760,1.3465,3.4615,0.00249
36,55296,169,1.373,0.0,72.78,27.22,760,1.3279,0.6195,0.00167
37,56832,171,1.368,0.0,73.1,26.9,756,1.3107,5.5695,0.00045
38,58368,176,1.398,0.0,73.3,26.7,755,1.3147,8.8063,0.00115
39,59904,178,1.393,0.0,73.03,26.97,755,1.3235,0.8471,0.00558
40,61440,179,1.391,0.0,73.18,26.82,753,1.3119,2.7382,0.00196
41,62976,181,1.409,0.0,72.93,27.07,730,1.3004,2.3733,0.00188
42,64512,182,1.401,0.0,72.53,27.47,726,1.3051,0.5765,0.00217
43,66048,183,1.393,0.0,72.13,27.87,726,1.315,0.5699,0.00798
44,67584,186,1.392,0.0,70.97,29.03,725,1.3046,0.8167,0.00143
45,69120,186,1.392,0.0,70.97,29.03,726,1.2523,0.2167,0.00482
46,70656,191,1.408,0.0,70.16,29.84,725,1.2486,6.433,0.00182
47,72192,194,1.402,0.0,69.59,30.41,723,1.2509,3.6962,0.00312
48,73728,196,1.393,0.0,68.88,31.12,723,1.292,0.6489,0.00173
49,75264,199,1.387,0.0,68.34,31.66,725,1.3052,3.3535,0.00178
50,76800,200,1.38,0.0,68.0,32.0,725,1.2845,0.4053,0.01011
51,78336,202,1.391,0.0,67.33,32.67,726,1.262,0.5402,0.00047
52,79872,203,1.394,0.0,67.0,33.0,727,1.2503,0.5134,0.00613
53,81408,204,1.387,0.0,67.16,32.84,728,1.2464,3.5526,0.00161
54,82944,209,1.402,0.0,66.51,33.49,729,1.2233,5.7096,0.00072
55,84480,211,1.389,0.0,66.82,33.18,729,1.2172,5.2997,0.0011
56,86016,212,1.387,0.0,66.51,33.49,730,1.2207,0.5449,0.00465
57,87552,214,1.388,0.0,65.89,34.11,731,1.1077,0.4535,0.01196
58,89088,215,1.405,0.0,66.05,33.95,732,1.0781,3.1616,0.00111
59,90624,219,1.393,0.0,64.84,35.16,732,1.0534,0.4723,0.00067
60,92160,220,1.386,0.0,65.0,35.0,734,1.1076,3.3183,0.00286
61,93696,223,1.368,0.0,64.57,35.43,735,1.1027,3.9567,0.00033
62,95232,226,1.372,0.0,63.72,36.28,737,1.108,0.9725,0.00038
63,96768,227,1.37,0.0,63.44,36.56,738,1.1604,0.3426,0.00371
64,98304,230,1.378,0.0,62.61,37.39,739,1.1303,0.4526,0.00445
65,99840,231,1.377,0.0,62.34,37.66,740,1.0782,0.2244,0.00091
66,101376,232,1.375,0.0,62.07,37.93,741,1.0993,0.4041,0.00527
67,102912,232,1.375,0.0,62.07,37.93,741,1.0597,1.0729,0.00064
68,104448,235,1.37,0.0,61.28,38.72,739,1.1203,0.4177,0.0061
69,105984,239,1.364,0.0,60.25,39.75,738,1.0746,0.5616,0.00287
70,107520,239,1.364,0.0,60.25,39.75,739,1.0917,0.3348,0.00267
71,109056,242,1.36,0.0,60.33,39.67,737,1.0681,4.5831,0.00258
72,110592,244,1.381,0.0,60.25,39.75,736,1.0256,3.0085,0.00036
73,112128,246,1.374,0.0,60.16,39.84,737,1.0248,1.6058,0.0012
74,113664,250,1.38,0.0,59.6,40.4,738,0.9295,3.1804,0.00354
75,115200,251,1.375,0.0,59.36,40.64,738,0.8705,0.1535,0.0013
76,116736,251,1.375,0.0,59.36,40.64,738,0.8214,0.1653,0.00215
77,118272,254,1.382,0.0,58.66,41.34,737,0.7533,0.6886,0.00055
78,119808,255,1.38,0.0,58.43,41.57,736,0.7489,0.3106,0.00182
79,121344,256,1.375,0.0,58.2,41.8,737,0.6893,0.2237,0.00224
80,122880,259,1.363,0.0,57.53,42.47,737,0.6496,0.3535,0.00021
81,124416,262,1.351,0.0,56.87,43.13,737,0.5858,0.2824,0.00197
82,125952,264,1.341,0.0,56.82,43.18,736,0.6033,2.0688,0.00152
83,127488,264,1.341,0.0,56.82,43.18,736,0.6751,0.2169,0.00036
84,129024,266,1.342,0.0,56.39,43.61,736,0.6726,0.1852,0.00323
85,130560,267,1.337,0.0,56.18,43.82,736,0.6823,0.1556,0.00128
86,132096,269,1.327,0.0,55.76,44.24,736,0.7058,0.1761,0.00087
87,133632,271,1.347,0.0,55.35,44.65,738,0.7045,0.2424,0.00131
88,135168,274,1.347,0.0,55.11,44.89,739,0.6777,2.767,0.00072
89,136704,276,1.341,0.0,54.71,45.29,739,0.6648,0.2875,0.00071
90,138240,276,1.341,0.0,54.71,45.29,740,0.6003,0.0993,0.00176
91,139776,277,1.336,0.0,54.51,45.49,739,0.5776,0.1667,0.00126
92,141312,280,1.339,0.0,53.93,46.07,740,0.5001,0.2347,0.00129
93,142848,281,1.338,0.0,53.74,46.26,740,0.487,0.1416,0.00293
94,144384,281,1.338,0.0,53.74,46.26,741,0.4477,0.1166,0.00153
95,145920,282,1.337,0.0,53.55,46.45,740,0.4243,0.1468,0.00015
96,147456,286,1.329,0.0,52.8,47.2,740,0.4028,0.2843,9e-05
97,148992,288,1.326,0.0,52.43,47.57,741,0.4344,0.1392,0.00074
98,150528,288,1.326,0.0,52.43,47.57,741,0.3939,0.0544,0.00156
99,152064,289,1.325,0.0,52.25,47.75,740,0.4035,0.0838,8e-05
100,153600,291,1.316,0.0,51.89,48.11,740,0.4024,0.1009,0.00064
101,155136,294,1.306,0.0,51.36,48.64,740,0.4096,0.3465,0.00034
102,156672,294,1.306,0.0,51.36,48.64,740,0.417,0.0551,0.00138
103,158208,296,1.307,0.0,51.35,48.65,740,0.4187,3.3571,0.00163
104,159744,297,1.303,0.0,51.18,48.82,741,0.4493,0.0978,0.00037
105,161280,300,1.3,0.0,50.67,49.33,742,0.4625,0.1467,0.00164
106,162816,304,1.3,0.0,49.33,50.67,743,0.4464,0.1682,0.00022
107,164352,304,1.3,0.0,49.33,50.67,744,0.4716,0.1788,0.00073
108,165888,305,1.3,0.0,49.0,51.0,744,0.4855,0.2463,0.00124
109,167424,308,1.293,0.0,48.33,51.67,744,0.505,1.8621,0.00244
110,168960,308,1.293,0.0,48.33,51.67,744,0.526,0.4857,0.0006
111,170496,314,1.28,0.0,47.0,53.0,745,0.5402,4.8198,0.00165
112,172032,315,1.277,0.0,46.67,53.33,745,0.5689,0.3318,0.00227
113,173568,318,1.287,0.0,45.67,54.33,745,0.5612,0.3332,0.00035
114,175104,319,1.287,0.0,45.33,54.67,745,0.6196,0.3466,0.00082
115,176640,320,1.29,0.0,45.0,55.0,745,0.6084,0.1927,0.00105
116,178176,321,1.293,0.0,44.67,55.33,744,0.5879,0.7372,0.00252
117,179712,324,1.293,0.0,43.67,56.33,744,0.5736,0.2011,0.00248
118,181248,325,1.293,0.0,43.33,56.67,744,0.5844,0.0727,0.00085
119,182784,326,1.303,0.0,43.0,57.0,744,0.5668,0.0675,0.00106
120,184320,328,1.313,0.0,42.33,57.67,745,0.5807,0.079,0.00261
121,185856,329,1.313,0.0,42.0,58.0,745,0.5539,0.1775,0.00398
122,187392,329,1.313,0.0,42.0,58.0,745,0.5537,0.1235,0.00157
123,188928,333,1.287,0.0,40.67,59.33,746,0.5223,0.4089,0.00136
124,190464,334,1.283,0.0,40.33,59.67,747,0.4548,0.1496,0.00156
125,192000,335,1.293,0.0,40.0,60.0,747,0.4445,0.2623,0.00177
126,193536,337,1.293,0.0,39.33,60.67,748,0.383,0.1632,0.00235
127,195072,337,1.293,0.0,39.33,60.67,749,0.3452,0.0596,0.00083
128,196608,342,1.303,0.0,38.0,62.0,750,0.3544,3.4524,0.00135
129,198144,343,1.307,0.0,37.67,62.33,751,0.3814,0.1233,0.00049
130,199680,344,1.307,0.0,37.33,62.67,751,0.4262,0.0708,0.00182
131,201216,347,1.293,0.0,36.33,63.67,751,0.4481,0.0659,0.00275
132,202752,348,1.293,0.0,36.0,64.0,751,0.4772,0.0686,0.0013
133,204288,349,1.28,0.0,35.67,64.33,751,0.4233,0.0718,0.00201
134,205824,351,1.28,0.0,35.0,65.0,751,0.4,0.1058,0.00178
135,207360,355,1.237,0.0,33.67,66.33,751,0.3683,0.1944,0.00032
136,208896,355,1.237,0.0,33.67,66.33,751,0.3545,0.0634,0.00057
137,210432,356,1.237,0.0,33.33,66.67,751,0.361,0.0438,0.00062
138,211968,356,1.237,0.0,33.33,66.67,750,0.3479,0.0474,0.00065
139,213504,357,1.223,0.0,33.0,67.0,751,0.3727,0.0299,0.00034
140,215040,359,1.21,0.0,33.0,67.0,751,0.3662,0.0489,0.00058
141,216576,361,1.207,0.0,32.67,67.33,751,0.3506,0.0609,0.00072
142,218112,362,1.207,0.0,32.67,67.33,751,0.3479,0.0373,0.00036
143,219648,366,1.207,0.0,32.0,68.0,751,0.3715,0.207,0.00138
144,221184,366,1.207,0.0,32.0,68.0,751,0.3574,0.1147,0.00071
145,222720,366,1.207,0.0,32.0,68.0,751,0.3268,0.0454,0.0006
146,224256,368,1.193,0.0,31.67,68.33,751,0.3246,0.0756,0.00086
147,225792,371,1.193,0.0,31.67,68.33,751,0.3194,0.0847,0.0009
148,227328,374,1.177,0.0,31.0,69.0,751,0.3331,0.0665,0.00059
149,228864,375,1.18,0.0,31.0,69.0,751,0.3243,0.0415,0.00071
150,230400,375,1.18,0.0,31.0,69.0,751,0.3465,0.0529,0.00145
151,231936,378,1.173,0.0,30.67,69.33,752,0.3573,0.1639,0.00128
152,233472,380,1.177,0.0,30.0,70.0,752,0.3564,0.0596,0.00088
153,235008,381,1.177,0.0,29.67,70.33,753,0.3703,0.1919,0.00303
154,236544,382,1.177,0.0,29.33,70.67,753,0.3177,0.1301,0.00164
155,238080,383,1.173,0.0,29.0,71.0,753,0.3155,0.0357,0.00066
156,239616,383,1.173,0.0,29.0,71.0,753,0.3187,0.0403,0.00195
157,241152,383,1.173,0.0,29.0,71.0,754,0.3156,0.0773,0.00187
158,242688,385,1.16,0.0,29.0,71.0,754,0.2896,0.0736,0.00182
159,244224,391,1.157,0.0,27.67,72.33,753,0.3136,0.1562,0.00128
160,245760,391,1.157,0.0,27.67,72.33,753,0.3538,0.0459,0.00102
161,247296,393,1.143,0.0,27.33,72.67,754,0.3859,0.1332,0.00148
162,248832,395,1.13,0.0,26.67,73.33,754,0.3967,0.0844,0.00214
163,250368,395,1.13,0.0,26.67,73.33,754,0.3866,0.1276,0.00182
164,251904,398,1.12,0.0,26.0,74.0,754,0.367,0.0468,0.00075
165,253440,399,1.117,0.0,25.67,74.33,755,0.3352,0.0647,0.00109
166,254976,399,1.117,0.0,25.67,74.33,755,0.3164,0.0883,0.00257
167,256512,401,1.093,0.0,25.0,75.0,755,0.3012,0.0724,0.00124
168,258048,403,1.093,0.0,24.33,75.67,754,0.2938,0.0876,0.00026
169,259584,403,1.093,0.0,24.33,75.67,754,0.3154,0.0432,0.0012
170,261120,404,1.097,0.0,24.33,75.67,754,0.3086,0.0513,0.00084
171,262656,406,1.093,0.0,23.67,76.33,754,0.3597,0.0524,0.00129
172,264192,408,1.12,0.0,23.67,76.33,754,0.3426,0.0306,0.00079
173,265728,412,1.11,0.0,22.67,77.33,754,0.3268,0.0968,0.00298
174,267264,415,1.107,0.0,21.67,78.33,754,0.3434,0.2743,0.00232
175,268800,415,1.107,0.0,21.67,78.33,754,0.3626,0.1089,0.00115
176,270336,418,1.11,0.0,21.0,79.0,753,0.4097,3.4035,0.00582
177,271872,419,1.097,0.0,20.67,79.33,753,0.4467,0.2016,0.00118
178,273408,421,1.113,0.0,20.0,80.0,753,0.4712,0.2519,0.00125
179,274944,424,1.11,0.0,19.67,80.33,752,0.5007,5.689,0.00212
180,276480,427,1.1,0.0,19.33,80.67,752,0.599,4.9653,0.01585
181,278016,428,1.093,0.0,19.33,80.67,752,0.5791,4.3708,0.00997
182,279552,431,1.103,0.0,19.0,81.0,752,0.5053,4.9845,0.00784
183,281088,433,1.083,0.0,18.67,81.33,752,0.5219,3.1403,0.00133
184,282624,439,1.06,0.0,17.67,82.33,752,0.5022,6.2075,0.0062
185,284160,442,1.04,0.0,17.0,83.0,753,0.4726,0.3516,0.00437
186,285696,442,1.04,0.0,17.0,83.0,753,0.5009,0.2412,0.00332
187,287232,445,1.027,0.0,17.0,83.0,753,0.4999,6.2436,0.0012
188,288768,447,1.017,0.0,17.0,83.0,753,0.4757,0.472,0.00274
189,290304,447,1.017,0.0,17.0,83.0,754,0.4311,0.2383,0.00132
190,291840,451,1.033,0.0,17.0,83.0,753,0.5025,3.5067,0.00545
191,293376,454,1.023,0.0,17.67,82.33,754,0.4926,4.7237,0.00449
192,294912,455,1.027,0.0,17.33,82.67,754,0.4585,0.3077,0.00158
193,296448,457,1.03,0.0,17.67,82.33,753,0.4649,2.1909,0.0034
194,297984,458,1.027,0.0,17.67,82.33,753,0.4445,0.1983,0.00425
195,299520,463,1.03,0.0,17.33,82.67,753,0.483,0.2828,0.00156
196,301056,464,1.027,0.0,17.33,82.67,753,0.482,0.1572,0.0009
197,302592,465,1.03,0.0,17.33,82.67,753,0.5043,0.1218,0.00137
198,304128,467,1.037,0.0,17.0,83.0,753,0.496,0.1385,0.00215
199,305664,468,1.037,0.0,16.67,83.33,753,0.5021,0.1156,0.00197
200,307200,470,1.02,0.0,17.0,83.0,753,0.4848,5.8345,0.00163
201,308736,472,1.003,0.0,16.33,83.67,753,0.4801,0.3809,0.00159
202,310272,473,0.99,0.0,16.33,83.67,753,0.4329,0.184,0.00327
203,311808,479,0.98,0.0,15.67,84.33,753,0.4704,7.8388,0.00931
204,313344,482,0.973,0.0,16.0,84.0,753,0.4745,2.0914,0.00288
205,314880,482,0.973,0.0,16.0,84.0,753,0.4838,0.0919,0.00319
206,316416,484,0.98,0.0,16.0,84.0,752,0.538,0.1424,0.00312
207,317952,486,0.97,0.0,16.0,84.0,752,0.5101,0.0598,0.00402
208,319488,488,0.963,0.0,16.0,84.0,753,0.5151,0.3096,0.00247
209,321024,489,0.947,0.0,16.0,84.0,753,0.4861,0.0618,0.00154
210,322560,491,0.943,0.0,15.33,84.67,753,0.4967,0.3371,0.00228
211,324096,492,0.943,0.0,15.33,84.67,753,0.5063,0.1055,0.00369
212,325632,493,0.943,0.0,15.67,84.33,753,0.5342,2.801,0.00275
213,327168,496,0.95,0.0,16.0,84.0,753,0.5296,4.8869,0.00394
214,328704,497,0.95,0.0,16.0,84.0,753,0.4891,0.1352,0.00146
215,330240,501,0.953,0.0,15.67,84.33,753,0.5262,0.1571,0.00216
216,331776,503,0.94,0.0,15.67,84.33,753,0.5289,0.0761,0.00189
217,333312,504,0.94,0.0,15.33,84.67,753,0.4999,0.0904,0.00179
218,334848,507,0.94,0.0,15.0,85.0,753,0.5423,0.0917,0.00245
219,336384,508,0.93,0.0,15.0,85.0,753,0.5982,0.1129,0.00216
220,337920,508,0.93,0.0,15.0,85.0,753,0.6691,0.2552,0.00589
221,339456,509,0.933,0.0,15.0,85.0,753,0.7048,3.489,0.01257
222,340992,511,0.94,0.0,14.33,85.67,753,0.6764,0.2681,0.00561
223,342528,514,0.933,0.0,15.0,85.0,753,0.7135,5.7624,0.01383
224,344064,516,0.917,0.0,14.67,85.33,753,0.645,0.2786,0.00311
225,345600,517,0.917,0.0,14.67,85.33,753,0.6615,0.1922,0.00717
226,347136,520,0.913,0.0,14.33,85.67,753,0.6293,0.0633,0.00378
227,348672,520,0.913,0.0,14.33,85.67,753,0.6104,0.0409,0.00157
228,350208,523,0.933,0.0,14.0,86.0,754,0.5654,0.084,0.00694
229,351744,527,0.92,0.0,14.33,85.67,754,0.5918,2.547,0.01234
230,353280,530,0.92,0.0,14.33,85.67,754,0.5114,0.0744,0.0034
231,354816,531,0.92,0.0,14.33,85.67,754,0.4988,0.0342,0.00168
232,356352,532,0.917,0.0,14.33,85.67,754,0.4585,0.0204,0.00124
233,357888,534,0.91,0.0,14.33,85.67,754,0.4641,0.0398,0.00267
234,359424,534,0.91,0.0,14.33,85.67,754,0.4635,0.0141,0.00363
235,360960,536,0.907,0.0,14.33,85.67,753,0.4535,0.0246,0.00338
236,362496,536,0.907,0.0,14.33,85.67,753,0.497,0.0136,0.0014
237,364032,536,0.907,0.0,14.33,85.67,753,0.5349,0.0121,0.00477
238,365568,537,0.903,0.0,14.33,85.67,753,0.5511,0.0205,0.00313
239,367104,538,0.903,0.0,14.33,85.67,753,0.5198,0.0257,0.00292
240,368640,541,0.897,0.0,14.0,86.0,753,0.5257,0.077,0.00418
241,370176,544,0.88,0.0,13.33,86.67,753,0.5425,0.1071,0.00236
242,371712,546,0.877,0.0,13.0,87.0,752,0.5683,0.0302,0.00128
243,373248,547,0.873,0.0,13.0,87.0,752,0.5577,0.0546,0.00263
244,374784,548,0.863,0.0,13.0,87.0,752,0.5433,0.09,0.00572
245,376320,550,0.863,0.0,12.67,87.33,751,0.5636,0.0901,0.00412
246,377856,550,0.863,0.0,12.67,87.33,751,0.558,0.0152,0.00121
247,379392,554,0.847,0.0,12.67,87.33,751,0.5019,0.0741,0.00291
248,380928,555,0.843,0.0,12.67,87.33,751,0.503,0.0409,0.00183
249,382464,558,0.867,0.0,13.33,86.67,751,0.4934,3.9768,0.00745
250,384000,558,0.867,0.0,13.33,86.67,751,0.4953,0.1501,0.00511
251,385536,559,0.867,0.0,13.33,86.67,751,0.4432,0.1303,0.00205
252,387072,560,0.867,0.0,13.33,86.67,751,0.4692,0.0514,0.00239
253,388608,561,0.867,0.0,13.33,86.67,752,0.5715,0.1786,0.00188
254,390144,564,0.877,0.0,13.0,87.0,752,0.5295,0.1818,0.00499
255,391680,567,0.88,0.0,13.67,86.33,752,0.5616,6.081,0.02318
256,393216,570,0.88,0.0,14.0,86.0,752,0.6806,3.2808,0.01534
257,394752,571,0.86,0.0,14.0,86.0,752,0.6715,0.5075,0.00677
258,396288,573,0.85,0.0,13.67,86.33,752,0.6353,0.0652,0.00485
259,397824,575,0.857,0.0,13.67,86.33,752,0.6392,0.2599,0.00586
260,399360,579,0.847,0.0,13.67,86.33,751,0.635,0.1142,0.00655
261,400896,579,0.847,0.0,13.67,86.33,751,0.6403,0.1254,0.00539
262,402432,581,0.85,0.0,14.0,86.0,751,0.6347,3.1843,0.01597
263,403968,582,0.847,0.0,14.0,86.0,751,0.6209,0.1023,0.00284
264,405504,584,0.853,0.0,14.0,86.0,751,0.6387,0.1094,0.00892
265,407040,585,0.853,0.0,14.0,86.0,750,0.6306,0.0375,0.00134
266,408576,586,0.853,0.0,14.0,86.0,750,0.6785,0.0844,0.00594
267,410112,586,0.853,0.0,14.0,86.0,750,0.6679,0.0653,0.00579
268,411648,587,0.853,0.0,14.0,86.0,749,0.6183,0.0333,0.00334
269,413184,588,0.85,0.0,14.0,86.0,749,0.6076,0.0343,0.00379
270,414720,592,0.853,0.0,14.0,86.0,749,0.5831,0.1566,0.00355
271,416256,594,0.853,0.0,14.0,86.0,749,0.6117,0.1792,0.00316
272,417792,595,0.85,0.0,14.0,86.0,749,0.603,0.1355,0.0028
273,419328,595,0.85,0.0,14.0,86.0,749,0.6514,0.4985,0.00421
274,420864,597,0.847,0.0,13.67,86.33,749,0.7028,0.1984,0.00324
275,422400,598,0.843,0.0,13.67,86.33,749,0.7581,0.1222,0.00238
276,423936,601,0.86,0.0,13.67,86.33,749,0.7926,0.1822,0.00698
277,425472,602,0.86,0.0,13.67,86.33,749,0.8321,0.3138,0.00529
278,427008,606,0.873,0.0,13.33,86.67,749,0.8341,0.2099,0.00481
279,428544,607,0.877,0.0,13.33,86.67,749,0.8232,0.1221,0.00602
280,430080,609,0.89,0.0,13.67,86.33,749,0.8276,3.1681,0.01222
281,431616,610,0.893,0.0,14.0,86.0,749,0.831,3.6265,0.0077
282,433152,612,0.907,0.0,13.67,86.33,749,0.809,0.0954,0.00542
283,434688,614,0.913,0.0,13.67,86.33,749,0.8218,2.3808,0.00969
284,436224,617,0.913,0.0,14.0,86.0,749,0.7919,3.468,0.00755
285,437760,620,0.92,0.0,14.0,86.0,749,0.8105,0.4253,0.00534
286,439296,624,0.937,0.0,14.33,85.67,749,0.82,3.0067,0.00456
287,440832,625,0.95,0.0,14.33,85.67,748,0.8064,0.0603,0.00832
288,442368,626,0.937,0.0,14.67,85.33,748,0.7914,3.3241,0.01219
289,443904,628,0.93,0.0,14.67,85.33,748,0.7946,0.068,0.00277
290,445440,629,0.93,0.0,14.67,85.33,748,0.7627,0.0336,0.00478
291,446976,630,0.933,0.0,14.67,85.33,748,0.8392,0.1601,0.00588
292,448512,632,0.937,0.0,14.67,85.33,748,0.8468,0.1369,0.00382
293,450048,632,0.937,0.0,14.67,85.33,748,0.8758,0.0361,0.00621
294,451584,633,0.947,0.0,14.67,85.33,747,0.9073,0.124,0.00436
295,453120,636,0.913,0.0,14.67,85.33,747,0.9282,0.2616,0.00378
296,454656,638,0.923,0.0,14.67,85.33,747,0.8905,0.1272,0.00579
297,456192,642,0.92,0.0,14.33,85.67,747,0.8392,0.4484,0.00332
298,457728,643,0.917,0.0,14.33,85.67,747,0.8249,0.1964,0.00403
299,459264,645,0.917,0.0,14.67,85.33,747,0.841,3.7787,0.0033
300,460800,649,0.917,0.0,15.0,85.0,747,0.8412,3.1354,0.00491
301,462336,649,0.917,0.0,15.0,85.0,747,0.8132,0.1618,0.00439
302,463872,651,0.917,0.0,15.0,85.0,747,0.827,0.2067,0.00366
303,465408,652,0.917,0.0,15.0,85.0,747,0.8392,0.0708,0.00598
304,466944,654,0.923,0.0,15.0,85.0,748,0.8399,0.0928,0.00523
305,468480,656,0.94,0.0,15.0,85.0,748,0.8032,0.1568,0.00431
306,470016,659,0.937,0.0,15.0,85.0,748,0.8023,0.1111,0.0021
307,471552,660,0.947,0.0,15.0,85.0,748,0.7925,0.1008,0.00625
308,473088,660,0.947,0.0,15.0,85.0,748,0.7756,0.204,0.0096
309,474624,660,0.947,0.0,15.0,85.0,748,0.7958,0.0795,0.00374
310,476160,661,0.947,0.0,15.0,85.0,748,0.8603,0.2436,0.00583
311,477696,662,0.95,0.0,15.0,85.0,749,0.831,0.0771,0.0047
312,479232,663,0.96,0.0,15.0,85.0,749,0.8632,0.3635,0.00593
313,480768,665,0.97,0.0,15.0,85.0,750,0.906,0.1089,0.00885
314,482304,666,0.973,0.0,15.33,84.67,750,0.9032,2.867,0.00613
315,483840,671,1.01,0.0,15.33,84.67,749,0.8884,0.1503,0.00535
316,485376,675,0.997,0.0,15.33,84.67,749,0.8819,0.1178,0.00639
317,486912,676,0.997,0.0,15.33,84.67,749,0.9045,0.2331,0.00856
318,488448,677,0.993,0.0,15.33,84.67,749,0.8811,0.0994,0.00486
319,489984,677,0.993,0.0,15.33,84.67,749,0.8722,0.0579,0.00541
320,491520,680,0.99,0.0,15.33,84.67,749,0.8518,0.162,0.00305
321,493056,680,0.99,0.0,15.33,84.67,748,0.8333,0.0462,0.00307
322,494592,683,0.997,0.0,15.33,84.67,748,0.8437,0.044,0.00355
323,496128,684,1.0,0.0,15.33,84.67,748,0.8242,0.0601,0.00492
324,497664,684,1.0,0.0,15.33,84.67,748,0.8452,0.0262,0.00585
325,499200,685,1.007,0.0,15.33,84.67,748,0.8335,0.047,0.00818
326,500736,687,1.013,0.0,15.67,84.33,748,0.8252,1.5627,0.01277
327,502272,689,1.01,0.0,15.67,84.33,748,0.8306,0.0856,0.00275
328,503808,693,1.013,0.0,15.67,84.33,748,0.8248,0.2657,0.00423
329,505344,694,1.013,0.0,16.0,84.0,748,0.7854,3.1841,0.00304
330,506880,695,1.013,0.0,16.0,84.0,748,0.8189,0.091,0.0072
331,508416,695,1.013,0.0,16.0,84.0,749,0.8615,0.0936,0.00773
332,509952,697,1.02,0.0,16.0,84.0,749,0.8385,0.0374,0.00962
333,511488,698,1.007,0.0,16.0,84.0,749,0.8729,0.0377,0.00564
334,513024,699,1.013,0.0,16.0,84.0,749,0.904,0.2728,0.01038
335,514560,706,1.037,0.0,16.0,84.0,750,0.9281,0.1438,0.00761
336,516096,707,1.03,0.0,16.0,84.0,750,0.918,0.1772,0.00762
337,517632,709,1.017,0.0,16.0,84.0,750,0.9107,0.1436,0.00329
338,519168,710,1.017,0.0,16.0,84.0,750,0.8984,0.06,0.0047
339,520704,710,1.017,0.0,16.0,84.0,750,0.9434,0.0425,0.00556
340,522240,711,1.027,0.0,16.0,84.0,750,0.9324,0.0461,0.00417
341,523776,712,1.037,0.0,16.0,84.0,751,0.9384,0.0671,0.00784
342,525312,713,1.033,0.0,16.0,84.0,751,0.9479,0.097,0.00681
343,526848,715,1.04,0.0,16.0,84.0,751,0.9657,0.0401,0.00512
344,528384,716,1.04,0.0,16.0,84.0,751,0.9757,0.109,0.00572
345,529920,718,1.037,0.0,15.67,84.33,751,1.0012,0.101,0.00531
346,531456,721,1.04,0.0,15.67,84.33,751,0.9997,0.1041,0.00421
347,532992,721,1.04,0.0,15.67,84.33,752,0.9729,0.0427,0.0073
348,534528,723,1.053,0.0,15.0,85.0,752,1.0183,0.1217,0.00756
349,536064,725,1.06,0.0,15.0,85.0,752,1.0333,0.0768,0.00981
350,537600,726,1.057,0.0,14.67,85.33,753,1.0444,0.141,0.00421
351,539136,727,1.053,0.0,14.33,85.67,753,1.023,0.0798,0.00474
352,540672,729,1.06,0.0,13.67,86.33,753,0.9847,0.1414,0.00588
353,542208,731,1.047,0.0,13.33,86.67,753,0.9577,0.1332,0.00633
354,543744,731,1.047,0.0,13.33,86.67,753,0.9459,0.1453,0.00542
355,545280,734,1.053,0.0,12.67,87.33,754,0.9616,0.1148,0.00661
356,546816,736,1.043,0.0,13.0,87.0,754,0.9518,2.1281,0.00548
357,548352,737,1.04,0.0,13.0,87.0,754,0.974,0.1826,0.00551
358,549888,740,1.067,0.0,13.0,87.0,754,0.9666,2.8955,0.00964
359,551424,741,1.067,0.0,13.0,87.0,754,0.9614,0.1669,0.00546
360,552960,743,1.077,0.0,13.0,87.0,754,0.9905,0.1269,0.00681
361,554496,745,1.097,0.0,12.67,87.33,755,0.9707,2.0599,0.04125
362,556032,746,1.107,0.0,12.67,87.33,755,0.8738,0.22,0.00776
363,557568,750,1.103,0.0,12.67,87.33,755,0.91,0.2955,0.00997
364,559104,751,1.1,0.0,12.33,87.67,755,0.884,0.0584,0.00415
365,560640,753,1.103,0.0,11.67,88.33,755,0.8991,0.1209,0.01341
366,562176,754,1.107,0.0,11.67,88.33,755,0.9473,0.1214,0.0055
367,563712,754,1.107,0.0,11.67,88.33,755,0.9864,0.0582,0.01014
368,565248,758,1.1,0.0,12.0,88.0,755,0.981,5.815,0.01092
369,566784,761,1.103,0.0,12.33,87.67,755,0.9561,3.2152,0.00993
370,568320,761,1.103,0.0,12.33,87.67,755,0.9532,0.1421,0.00569
371,569856,764,1.093,0.0,12.33,87.67,755,1.0089,0.093,0.00821
372,571392,765,1.097,0.0,12.33,87.67,755,1.0349,0.0783,0.00448
373,572928,768,1.107,0.0,12.67,87.33,755,1.0256,2.5871,0.00542
374,574464,768,1.107,0.0,12.67,87.33,755,1.0153,0.0967,0.00842
375,576000,770,1.107,0.0,12.0,88.0,756,1.0691,0.1504,0.00734
376,577536,771,1.12,0.0,12.0,88.0,756,1.044,0.1521,0.00703
377,579072,772,1.123,0.0,12.0,88.0,756,1.0843,0.1256,0.00661
378,580608,772,1.123,0.0,12.0,88.0,756,1.0697,0.0764,0.00508
379,582144,778,1.13,0.0,11.0,89.0,756,1.088,0.1236,0.00686
380,583680,781,1.13,0.0,11.0,89.0,756,1.0397,2.8278,0.00972
381,585216,781,1.13,0.0,11.0,89.0,756,0.9884,0.1101,0.00645
382,586752,783,1.127,0.0,10.67,89.33,756,0.9856,0.113,0.00781
383,588288,784,1.13,0.0,10.67,89.33,756,1.0483,0.1259,0.00852
384,589824,784,1.13,0.0,10.67,89.33,756,1.0861,0.1264,0.00467
385,591360,787,1.15,0.0,10.67,89.33,756,1.0476,0.0679,0.00704
386,592896,788,1.153,0.0,10.67,89.33,756,1.0672,0.1187,0.00726
387,594432,789,1.163,0.0,10.67,89.33,756,1.0515,0.1048,0.00828
388,595968,791,1.187,0.0,10.67,89.33,756,1.0737,0.1185,0.00692
389,597504,794,1.193,0.0,10.0,90.0,757,1.0798,0.2428,0.0072
390,599040,795,1.2,0.0,9.67,90.33,756,1.045,0.0689,0.01041
391,600576,797,1.22,0.0,10.0,90.0,756,1.0379,2.7844,0.01171
392,602112,798,1.22,0.0,10.0,90.0,756,1.0178,0.384,0.00674
393,603648,798,1.22,0.0,10.0,90.0,756,1.027,0.1043,0.006
394,605184,799,1.227,0.0,10.33,89.67,756,0.9686,3.5287,0.01151
395,606720,803,1.227,0.0,11.0,89.0,757,0.9293,8.5666,0.00767
396,608256,807,1.233,0.0,11.67,88.33,757,0.9786,6.8997,0.0131
397,609792,810,1.24,0.0,11.33,88.67,757,1.0557,0.2692,0.00732
398,611328,814,1.27,0.0,11.0,89.0,756,1.0364,3.6252,0.01404
399,612864,816,1.28,0.0,11.33,88.67,756,0.9448,2.6858,0.01036
400,614400,818,1.293,0.0,11.33,88.67,756,0.8556,0.2235,0.01131
401,615936,819,1.297,0.0,11.33,88.67,756,0.8526,0.1793,0.00549
402,617472,820,1.293,0.0,11.33,88.67,756,0.8391,0.2705,0.00359
403,619008,821,1.28,0.0,11.33,88.67,756,0.8876,0.1291,0.00886
404,620544,822,1.3,0.0,11.33,88.67,756,0.8815,0.1058,0.00447
405,622080,823,1.317,0.0,11.33,88.67,756,0.8967,0.148,0.00658
406,623616,826,1.313,0.0,11.0,89.0,756,0.849,0.2399,0.00413
407,625152,827,1.317,0.0,11.0,89.0,756,0.8339,0.0706,0.00768
408,626688,827,1.317,0.0,11.0,89.0,756,0.8091,0.2161,0.00671
409,628224,831,1.313,0.0,11.0,89.0,756,0.7741,0.2694,0.00759
410,629760,833,1.323,0.0,11.33,88.67,757,0.7113,2.8938,0.02573
411,631296,835,1.35,0.0,11.33,88.67,757,0.6712,0.1735,0.00902
412,632832,836,1.35,0.0,11.33,88.67,757,0.6856,0.1062,0.00439
413,634368,840,1.36,0.0,11.67,88.33,757,0.7038,1.5164,0.00342
414,635904,843,1.353,0.0,11.67,88.33,757,0.7232,0.1293,0.00541
415,637440,844,1.357,0.0,11.67,88.33,757,0.7021,0.2603,0.00653
416,638976,844,1.357,0.0,11.67,88.33,757,0.7091,0.0475,0.00453
417,640512,847,1.38,0.0,11.67,88.33,756,0.7698,0.1112,0.0047
418,642048,848,1.393,0.0,11.67,88.33,757,0.743,0.0848,0.00262
419,643584,848,1.393,0.0,11.67,88.33,757,0.7225,0.0549,0.00516
420,645120,849,1.397,0.0,12.0,88.0,757,0.7097,2.2907,0.00754
421,646656,852,1.41,0.0,12.0,88.0,757,0.7704,0.086,0.00271
422,648192,854,1.427,0.0,12.0,88.0,757,0.7542,0.063,0.0045
423,649728,857,1.43,0.0,11.67,88.33,757,0.7611,0.1045,0.00424
424,651264,857,1.43,0.0,11.67,88.33,757,0.6983,0.0463,0.00572
425,652800,860,1.42,0.0,11.67,88.33,756,0.777,3.0309,0.0194
426,654336,865,1.42,0.0,12.0,88.0,756,0.7969,5.2606,0.00549
427,655872,867,1.417,0.0,11.67,88.33,756,0.7123,0.2056,0.0073
428,657408,867,1.417,0.0,11.67,88.33,756,0.7991,0.0557,0.00537
429,658944,870,1.437,0.0,11.33,88.67,756,0.7881,0.2412,0.006
430,660480,872,1.44,0.0,11.33,88.67,755,0.7445,0.188,0.00723
431,662016,874,1.433,0.0,12.0,88.0,755,0.8106,6.1741,0.01457
432,663552,874,1.433,0.0,12.0,88.0,755,0.857,0.095,0.00958
433,665088,874,1.433,0.0,12.0,88.0,755,0.9099,0.0869,0.0054
434,666624,874,1.433,0.0,12.0,88.0,754,0.9983,0.075,0.00776
435,668160,879,1.467,0.0,12.0,88.0,754,1.0019,0.1828,0.00704
436,669696,880,1.467,0.0,12.0,88.0,755,1.0007,0.1441,0.00683
437,671232,880,1.467,0.0,12.0,88.0,754,1.0141,0.0452,0.00866
438,672768,882,1.46,0.0,11.67,88.33,754,1.0186,0.079,0.00695
439,674304,886,1.447,0.0,11.67,88.33,754,0.9963,0.1149,0.00526
440,675840,887,1.447,0.0,11.67,88.33,754,0.9652,0.0706,0.0066
441,677376,890,1.447,0.0,11.67,88.33,754,0.977,0.0685,0.00568
442,678912,891,1.447,0.0,11.67,88.33,754,0.9902,0.1126,0.0065
443,680448,894,1.463,0.0,12.0,88.0,754,0.9782,2.7701,0.00626
444,681984,894,1.463,0.0,12.0,88.0,754,0.9687,0.04,0.00539
445,683520,895,1.467,0.0,12.0,88.0,754,0.9877,0.0314,0.00824
446,685056,897,1.463,0.0,12.0,88.0,754,1.011,0.0456,0.00542
447,686592,898,1.463,0.0,12.0,88.0,754,1.006,0.0256,0.00619
448,688128,899,1.457,0.0,12.0,88.0,754,0.9681,0.034,0.00651
449,689664,901,1.457,0.0,12.0,88.0,753,0.9803,0.0926,0.0063
450,691200,902,1.463,0.0,12.0,88.0,753,0.9307,0.0296,0.00541
451,692736,903,1.47,0.0,12.0,88.0,753,0.8985,0.0529,0.00702
452,694272,904,1.463,0.0,12.0,88.0,753,0.8606,0.0282,0.00655
453,695808,905,1.457,0.0,12.0,88.0,753,0.9116,0.0254,0.00511
454,697344,906,1.46,0.0,12.0,88.0,754,0.9353,0.1328,0.00833
455,698880,909,1.46,0.0,11.67,88.33,754,0.93,0.1182,0.00745
456,700416,911,1.47,0.0,11.33,88.67,753,0.8884,0.0891,0.00537
457,701952,914,1.453,0.0,11.0,89.0,753,0.91,0.2387,0.00614
458,703488,915,1.463,0.0,11.0,89.0,754,0.9393,0.2453,0.00765
459,705024,919,1.46,0.0,10.67,89.33,753,0.8986,0.1123,0.00365
460,706560,920,1.46,0.0,11.0,89.0,753,0.9198,3.4045,0.00643
461,708096,924,1.437,0.0,11.0,89.0,753,0.8858,3.2513,0.0107
462,709632,925,1.44,0.0,11.0,89.0,753,0.8308,0.1001,0.00616
463,711168,926,1.44,0.0,10.67,89.33,753,0.7942,0.1131,0.00412
464,712704,926,1.44,0.0,10.67,89.33,754,0.8388,0.0385,0.00473
465,714240,927,1.437,0.0,10.67,89.33,754,0.8162,0.0392,0.00643
466,715776,927,1.437,0.0,10.67,89.33,754,0.8032,0.2795,0.003
467,717312,929,1.447,0.0,10.67,89.33,754,0.7662,0.2013,0.00832
468,718848,935,1.45,0.0,12.0,88.0,754,0.8005,11.1241,0.01797
469,720384,936,1.463,0.0,12.0,88.0,754,0.8455,0.1516,0.00669
470,721920,936,1.463,0.0,12.0,88.0,753,0.8773,0.117,0.00477
471,723456,937,1.467,0.0,12.0,88.0,753,0.8861,0.092,0.00625
472,724992,940,1.47,0.0,12.0,88.0,753,0.8981,0.074,0.00484
473,726528,945,1.48,0.0,11.67,88.33,754,0.8801,0.0799,0.00849
474,728064,946,1.48,0.0,12.0,88.0,754,0.8777,3.123,0.0094
475,729600,949,1.503,0.0,11.67,88.33,754,0.8847,0.093,0.00438
476,731136,951,1.513,0.0,11.67,88.33,754,0.9005,0.0497,0.00498
477,732672,954,1.55,0.0,12.0,88.0,754,0.8835,3.0402,0.01062
478,734208,956,1.537,0.0,12.0,88.0,754,0.8275,0.1344,0.00399
479,735744,956,1.537,0.0,12.0,88.0,754,0.8105,0.0249,0.00581
480,737280,958,1.55,0.0,12.0,88.0,754,0.8382,0.0609,0.00622
481,738816,959,1.56,0.0,12.0,88.0,754,0.8326,0.0377,0.0045
482,740352,959,1.56,0.0,12.0,88.0,754,0.8781,0.0262,0.00457
483,741888,959,1.56,0.0,12.0,88.0,754,0.9135,0.0266,0.00596
484,743424,960,1.55,0.0,12.0,88.0,754,0.9389,0.0583,0.00717
485,744960,960,1.55,0.0,12.0,88.0,754,0.9572,0.2294,0.00754
486,746496,963,1.543,0.0,12.0,88.0,754,0.9483,0.1113,0.00465
487,748032,965,1.533,0.0,12.0,88.0,754,0.9261,0.1601,0.00527
488,749568,970,1.52,0.0,11.67,88.33,754,0.9745,0.2108,0.00531
489,751104,971,1.527,0.0,12.0,88.0,754,0.9789,4.0708,0.01204
490,752640,973,1.527,0.0,12.0,88.0,754,0.9959,0.2108,0.00781
491,754176,976,1.54,0.0,12.33,87.67,755,0.97,2.7219,0.01454
492,755712,977,1.55,0.0,12.33,87.67,755,0.9799,0.1885,0.00788
493,757248,978,1.55,0.0,12.33,87.67,755,0.9907,0.1035,0.00688
494,758784,980,1.543,0.0,12.33,87.67,755,0.9804,0.0973,0.00975
495,760320,982,1.563,0.0,12.67,87.33,755,0.9745,3.2734,0.00624
496,761856,983,1.557,0.0,12.67,87.33,755,0.9642,0.1937,0.00669
497,763392,983,1.557,0.0,12.67,87.33,755,0.9706,0.072,0.00842
498,764928,986,1.573,0.0,12.33,87.67,755,0.9219,0.2963,0.00463
499,766464,989,1.6,0.0,13.0,87.0,755,0.9178,4.8033,0.01916
500,768000,989,1.6,0.0,13.0,87.0,756,0.9156,0.2639,0.01654
501,769536,992,1.583,0.0,13.0,87.0,756,0.9373,0.2248,0.00905
502,771072,992,1.583,0.0,13.0,87.0,756,0.9237,0.2791,0.01002
503,772608,996,1.597,0.0,12.67,87.33,755,0.9835,0.2243,0.00808
504,774144,997,1.59,0.0,13.0,87.0,756,0.9831,2.9429,0.0053
505,775680,999,1.587,0.0,13.0,87.0,756,0.9732,0.1718,0.00727
506,777216,1001,1.6,0.0,13.0,87.0,756,0.9762,0.3735,0.00859
507,778752,1003,1.6,0.0,13.0,87.0,756,0.9828,0.3458,0.00719
508,780288,1004,1.6,0.0,13.0,87.0,756,1.0068,0.1237,0.00897
509,781824,1008,1.597,0.0,13.0,87.0,756,1.0395,0.1219,0.01
510,783360,1009,1.613,0.0,13.0,87.0,756,0.9849,0.1194,0.00729
511,784896,1011,1.617,0.0,13.0,87.0,756,0.9749,0.0919,0.00685
512,786432,1013,1.613,0.0,13.0,87.0,756,1.0012,0.0387,0.00618
513,787968,1013,1.613,0.0,13.0,87.0,756,0.9756,0.1116,0.00723
514,789504,1013,1.613,0.0,13.0,87.0,756,0.9788,0.0293,0.0073
515,791040,1013,1.613,0.0,13.0,87.0,756,0.9926,0.0275,0.00966
516,792576,1013,1.613,0.0,13.0,87.0,756,0.9858,0.0489,0.01001
517,794112,1013,1.613,0.0,13.0,87.0,756,0.9381,0.0296,0.0101
518,795648,1016,1.62,0.0,13.0,87.0,756,0.8925,0.166,0.00777
519,797184,1018,1.637,0.0,13.33,86.67,756,0.8475,2.8334,0.02641
520,798720,1020,1.63,0.0,13.33,86.67,756,0.8516,0.1,0.00629
521,800256,1022,1.643,0.0,13.33,86.67,757,0.8789,0.0666,0.00552
522,801792,1028,1.653,0.0,13.33,86.67,757,0.8626,0.4976,0.01345
523,803328,1029,1.663,0.0,13.67,86.33,757,0.8521,2.2346,0.01506
524,804864,1032,1.667,0.0,14.0,86.0,757,0.8832,2.49,0.01998
525,806400,1036,1.697,0.0,14.0,86.0,757,0.8811,2.0169,0.01024
526,807936,1036,1.697,0.0,14.0,86.0,757,0.8835,0.2567,0.0108
527,809472,1037,1.7,0.0,14.33,85.67,757,0.9123,2.0831,0.02151
528,811008,1041,1.687,0.0,14.33,85.67,757,0.9238,2.1542,0.00798
529,812544,1043,1.673,0.0,14.33,85.67,757,0.9193,0.307,0.01042
530,814080,1043,1.673,0.0,14.33,85.67,757,0.9526,0.1156,0.00488
531,815616,1043,1.673,0.0,14.33,85.67,757,0.9609,0.1549,0.00853
532,817152,1043,1.673,0.0,14.33,85.67,757,0.9765,0.1467,0.00812
533,818688,1043,1.673,0.0,14.33,85.67,757,0.9788,0.0825,0.00387
534,820224,1045,1.657,0.0,14.0,86.0,757,1.01,0.1234,0.00398
535,821760,1045,1.657,0.0,14.0,86.0,757,1.0301,0.3245,0.01431
536,823296,1048,1.637,0.0,14.0,86.0,758,1.0242,0.4658,0.00903
537,824832,1053,1.663,0.0,14.33,85.67,758,0.9824,1.9093,0.00728
538,826368,1058,1.66,0.0,14.0,86.0,758,0.9759,2.2256,0.00881
539,827904,1062,1.673,0.0,13.67,86.33,757,0.9944,0.2517,0.00588
540,829440,1064,1.673,0.0,14.0,86.0,758,1.068,3.6514,0.01421
541,830976,1067,1.663,0.0,13.67,86.33,758,1.088,0.2314,0.00613
542,832512,1068,1.677,0.0,13.67,86.33,758,1.1146,0.2307,0.00497
543,834048,1069,1.68,0.0,14.0,86.0,758,1.1156,3.0905,0.00679
544,835584,1070,1.703,0.0,14.33,85.67,758,1.1089,2.6198,0.01105
545,837120,1071,1.713,0.0,14.33,85.67,757,1.0991,0.2609,0.00971
546,838656,1071,1.713,0.0,14.33,85.67,757,1.0764,0.1111,0.00742
547,840192,1071,1.713,0.0,14.33,85.67,757,1.0661,0.3089,0.00534
548,841728,1073,1.717,0.0,14.33,85.67,757,1.0285,0.1905,0.00777
549,843264,1076,1.733,0.0,14.33,85.67,757,1.01,0.2064,0.01095
550,844800,1077,1.733,0.0,14.33,85.67,757,1.0104,0.1975,0.00641
551,846336,1079,1.73,0.0,14.0,86.0,758,1.0291,0.0516,0.00722
552,847872,1080,1.73,0.0,14.0,86.0,758,1.0158,0.1693,0.00452
553,849408,1081,1.733,0.0,14.0,86.0,758,1.0302,0.2226,0.00609
554,850944,1087,1.72,0.0,14.33,85.67,758,1.0001,1.8165,0.01287
555,852480,1088,1.717,0.0,14.33,85.67,758,1.0084,0.3712,0.00738
556,854016,1088,1.717,0.0,14.33,85.67,758,1.0339,0.0954,0.00874
557,855552,1090,1.713,0.0,14.33,85.67,759,1.05,0.3235,0.00953
558,857088,1092,1.7,0.0,14.33,85.67,759,1.0094,0.4238,0.01368
559,858624,1094,1.71,0.0,14.33,85.67,759,0.9477,0.0725,0.00709
560,860160,1096,1.703,0.0,14.67,85.33,759,0.9234,3.6846,0.01376
561,861696,1097,1.71,0.0,14.67,85.33,759,0.9388,4.2066,0.0124
562,863232,1098,1.703,0.0,14.67,85.33,759,0.9213,0.1834,0.00361
563,864768,1100,1.703,0.0,14.33,85.67,759,0.9265,0.2829,0.01673
564,866304,1101,1.707,0.0,14.33,85.67,759,0.9122,1.7223,0.02461
565,867840,1102,1.717,0.0,14.0,86.0,759,0.924,0.1709,0.0086
566,869376,1104,1.71,0.0,14.0,86.0,759,0.9483,0.1574,0.0078
567,870912,1105,1.713,0.0,14.0,86.0,759,0.9537,0.1015,0.0076
568,872448,1109,1.7,0.0,13.33,86.67,750,0.9424,0.1745,0.00625
569,873984,1110,1.703,0.0,13.33,86.67,736,0.9433,0.1797,0.01255
570,875520,1114,1.693,0.0,13.0,87.0,728,0.963,0.164,0.01506
571,877056,1116,1.7,0.0,12.67,87.33,728,0.9822,0.1784,0.01156
572,878592,1117,1.693,0.0,12.67,87.33,728,0.9731,0.0667,0.01019
573,880128,1117,1.693,0.0,12.67,87.33,729,0.9629,0.0831,0.00585
574,881664,1121,1.717,0.0,12.67,87.33,729,0.9333,0.1155,0.00464
575,883200,1121,1.717,0.0,12.67,87.33,729,0.953,0.0465,0.00459
576,884736,1122,1.697,0.0,12.67,87.33,729,0.9491,0.045,0.00753
577,886272,1123,1.683,0.0,12.67,87.33,729,0.9275,0.2158,0.00763
578,887808,1125,1.687,0.0,12.67,87.33,729,0.9492,0.1501,0.02114
579,889344,1126,1.687,0.0,12.67,87.33,727,0.9452,0.0677,0.00531
580,890880,1126,1.687,0.0,12.67,87.33,727,0.9417,0.1398,0.00529
581,892416,1128,1.687,0.0,12.67,87.33,727,0.9557,0.0835,0.00526
582,893952,1128,1.687,0.0,12.67,87.33,728,0.9209,0.1196,0.00482
583,895488,1128,1.687,0.0,12.67,87.33,727,0.8962,0.1203,0.00535
584,897024,1129,1.69,0.0,12.67,87.33,727,0.8695,0.0703,0.00846
585,898560,1133,1.69,0.0,12.33,87.67,728,0.9171,0.1167,0.01175
586,900096,1138,1.66,0.0,12.67,87.33,728,0.9127,5.6915,0.00933
587,901632,1141,1.69,0.0,12.67,87.33,728,0.8986,0.4574,0.00536
588,903168,1144,1.707,0.0,12.67,87.33,728,0.881,0.2247,0.005
589,904704,1145,1.71,0.0,12.67,87.33,728,0.8945,0.1251,0.00581
590,906240,1146,1.717,0.0,12.67,87.33,728,0.8776,0.0682,0.00559
591,907776,1148,1.713,0.0,13.0,87.0,728,0.9007,2.8166,0.0104
592,909312,1151,1.72,0.0,13.33,86.67,728,0.9113,5.3005,0.00753
593,910848,1154,1.717,0.0,13.67,86.33,729,0.8325,2.6041,0.02101
594,912384,1155,1.723,0.0,13.67,86.33,729,0.8283,1.1753,0.01445
595,913920,1157,1.723,0.0,14.0,86.0,729,0.832,1.1305,0.01722
596,915456,1158,1.733,0.0,14.33,85.67,729,0.8635,2.6919,0.00391
597,916992,1162,1.757,0.0,14.33,85.67,729,0.8277,2.5902,0.02022
598,918528,1163,1.76,0.0,14.0,86.0,729,0.808,0.9452,0.01204
599,920064,1163,1.76,0.0,14.0,86.0,729,0.7833,0.3512,0.00597
600,921600,1163,1.76,0.0,14.0,86.0,729,0.7873,0.2429,0.00644
601,923136,1165,1.763,0.0,13.67,86.33,729,0.8125,0.4346,0.00407
602,924672,1170,1.763,0.0,13.67,86.33,729,0.8731,0.1152,0.00406
603,926208,1172,1.777,0.0,14.0,86.0,730,0.8749,2.729,0.01225
604,927744,1175,1.787,0.0,13.67,86.33,730,0.9112,2.9358,0.01732
605,929280,1175,1.787,0.0,13.67,86.33,730,0.9105,0.196,0.00937
606,930816,1177,1.783,0.0,13.67,86.33,730,0.8914,0.2725,0.00646
607,932352,1178,1.777,0.0,13.67,86.33,730,0.8921,0.1351,0.00329
608,933888,1181,1.827,0.0,13.67,86.33,730,0.9105,0.1143,0.00467
609,935424,1183,1.83,0.0,14.33,85.67,730,0.8234,3.7883,0.03184
610,936960,1186,1.85,0.0,14.67,85.33,730,0.8292,3.5274,0.0171
611,938496,1189,1.853,0.0,15.0,85.0,730,0.8659,2.4691,0.01906
612,940032,1191,1.883,0.0,15.33,84.67,730,0.8709,2.4205,0.00414
613,941568,1194,1.893,0.0,15.33,84.67,731,0.8601,2.7219,0.00998
614,943104,1197,1.9,0.0,15.33,84.67,731,0.8864,0.3259,0.00459
615,944640,1198,1.903,0.0,15.33,84.67,731,0.85,0.1967,0.00791
616,946176,1199,1.907,0.0,15.33,84.67,731,0.8242,0.1697,0.00266
617,947712,1202,1.903,0.0,15.67,84.33,731,0.8636,3.1583,0.00739
618,949248,1203,1.907,0.0,15.67,84.33,731,0.8602,0.1931,0.00358
619,950784,1204,1.91,0.0,15.67,84.33,731,0.8431,0.1342,0.00282
620,952320,1206,1.913,0.0,15.67,84.33,732,0.8662,0.1338,0.00814
621,953856,1207,1.91,0.0,15.67,84.33,732,0.8841,0.1472,0.00668
622,955392,1209,1.91,0.0,15.67,84.33,732,0.873,0.119,0.00636
623,956928,1209,1.91,0.0,15.67,84.33,732,0.877,0.0914,0.00531
624,958464,1210,1.9,0.0,15.67,84.33,732,0.8223,0.5745,0.01066
625,960000,1213,1.89,0.0,15.67,84.33,732,0.8928,0.1174,0.00468
626,961536,1216,1.907,0.0,15.67,84.33,732,0.8987,0.3718,0.00506
627,963072,1220,1.887,0.0,15.33,84.67,732,0.9745,0.1616,0.00773
628,964608,1222,1.9,0.0,15.33,84.67,732,1.0224,0.0977,0.01124
629,966144,1223,1.913,0.0,15.0,85.0,732,1.0064,0.1136,0.0078
630,967680,1224,1.917,0.0,15.0,85.0,732,1.0035,0.2604,0.00748
631,969216,1225,1.9,0.0,15.0,85.0,732,1.0187,0.1997,0.00664
632,970752,1227,1.903,0.0,15.0,85.0,733,1.0289,0.0822,0.0128
633,972288,1227,1.903,0.0,15.0,85.0,733,1.028,0.12,0.00456
634,973824,1228,1.9,0.0,15.0,85.0,733,1.0136,0.1776,0.00833
635,975360,1229,1.897,0.0,15.0,85.0,733,0.9187,0.1537,0.01388
636,976896,1229,1.897,0.0,15.0,85.0,733,0.8809,0.1728,0.00573
637,978432,1230,1.907,0.0,14.67,85.33,733,0.9462,0.123,0.00748
638,979968,1232,1.917,0.0,14.0,86.0,733,0.9572,0.5423,0.00629
639,981504,1233,1.913,0.0,13.67,86.33,733,0.94,0.1539,0.00835
640,983040,1237,1.903,0.0,13.67,86.33,733,0.9454,0.2636,0.005
641,984576,1238,1.907,0.0,13.67,86.33,733,0.9383,0.1096,0.00542
642,986112,1240,1.91,0.0,13.67,86.33,733,0.9191,0.2464,0.00695
643,987648,1240,1.91,0.0,13.67,86.33,733,0.9349,0.3906,0.00756
644,989184,1244,1.947,0.0,14.0,86.0,733,0.9016,2.2259,0.00818
645,990720,1246,1.93,0.0,14.0,86.0,733,0.9435,2.9288,0.00667
646,992256,1247,1.947,0.0,14.0,86.0,733,0.9528,0.1544,0.00618
647,993792,1251,1.94,0.0,14.0,86.0,732,0.9189,0.1764,0.00797
648,995328,1251,1.94,0.0,14.0,86.0,732,0.9325,0.0988,0.0057
649,996864,1253,1.927,0.0,14.0,86.0,732,0.9375,0.1165,0.00586
650,998400,1255,1.927,0.0,13.67,86.33,732,0.9414,0.1167,0.00883
651,999936,1255,1.927,0.0,13.67,86.33,732,0.9365,0.0992,0.00458
652,1001472,1256,1.947,0.0,13.67,86.33,732,0.9494,0.1303,0.00359
653,1003008,1259,1.953,0.0,13.67,86.33,732,0.9431,0.7966,0.00706
654,1004544,1259,1.953,0.0,13.67,86.33,733,0.9493,0.1057,0.00744
655,1006080,1261,1.96,0.0,13.67,86.33,733,0.9345,0.1603,0.00603
656,1007616,1262,1.96,0.0,13.67,86.33,733,0.9607,0.1609,0.00968
657,1009152,1263,1.967,0.0,13.67,86.33,732,1.0027,0.2916,0.01234
658,1010688,1264,1.987,0.0,13.67,86.33,733,0.9792,0.6439,0.00561
659,1012224,1268,1.993,0.0,13.67,86.33,732,0.9868,0.3742,0.00514
660,1013760,1271,1.987,0.0,13.67,86.33,732,1.0335,3.127,0.00431
661,1015296,1271,1.987,0.0,13.67,86.33,733,1.0611,0.1971,0.00775
662,1016832,1273,1.993,0.0,14.0,86.0,733,1.0678,3.3195,0.00559
663,1018368,1275,2.0,0.0,13.67,86.33,733,1.0441,0.3578,0.00661
664,1019904,1276,1.997,0.0,13.67,86.33,733,1.0426,0.2262,0.00491
665,1021440,1278,2.01,0.0,13.67,86.33,733,1.0249,0.207,0.00842
666,1022976,1282,1.997,0.0,13.33,86.67,733,1.0621,0.3229,0.00741
667,1024512,1283,2.007,0.0,13.33,86.67,733,1.0321,0.1382,0.00844
668,1026048,1283,2.007,0.0,13.33,86.67,733,1.0382,0.1082,0.00846
669,1027584,1284,2.023,0.0,13.33,86.67,733,0.9846,0.3727,0.00989
670,1029120,1286,2.007,0.0,13.33,86.67,733,1.0359,0.1924,0.00686
671,1030656,1288,1.983,0.0,12.67,87.33,733,1.0411,0.5659,0.00601
672,1032192,1289,1.98,0.0,12.67,87.33,733,1.0318,0.201,0.00535
673,1033728,1291,1.99,0.0,12.67,87.33,733,0.9945,0.1811,0.00785
674,1035264,1292,1.993,0.0,12.67,87.33,733,0.9563,0.192,0.00792
675,1036800,1293,2.0,0.0,12.67,87.33,733,0.9959,0.1226,0.00785
676,1038336,1296,2.023,0.0,12.67,87.33,733,0.9914,0.1099,0.00592
677,1039872,1299,2.043,0.0,12.67,87.33,733,0.9627,4.1583,0.01977
678,1041408,1299,2.043,0.0,12.67,87.33,733,0.9374,0.2142,0.00518
679,1042944,1300,2.04,0.0,12.67,87.33,733,0.9729,0.1688,0.00452
680,1044480,1304,2.027,0.0,13.0,87.0,733,0.9396,3.4114,0.00947
681,1046016,1306,2.053,0.0,13.0,87.0,733,0.9429,0.3265,0.00656
682,1047552,1308,2.057,0.0,13.0,87.0,733,0.9476,0.4031,0.00704
683,1049088,1308,2.057,0.0,13.0,87.0,733,1.0039,0.1608,0.00416
684,1050624,1310,2.05,0.0,13.33,86.67,733,1.016,2.0363,0.00766
685,1052160,1312,2.06,0.0,13.67,86.33,734,0.9788,4.022,0.01389
686,1053696,1314,2.08,0.0,13.67,86.33,734,0.9454,0.2705,0.00885
687,1055232,1315,2.07,0.0,14.0,86.0,734,0.9951,2.9782,0.00568
688,1056768,1317,2.063,0.0,13.67,86.33,734,1.0295,0.2492,0.00662
689,1058304,1319,2.04,0.0,13.67,86.33,734,1.029,0.0857,0.00757
690,1059840,1323,2.073,0.0,13.67,86.33,734,1.0144,0.3798,0.00801
691,1061376,1324,2.077,0.0,13.67,86.33,734,1.0427,0.2321,0.00534
692,1062912,1326,2.09,0.0,14.0,86.0,734,1.0508,2.9267,0.00567
693,1064448,1328,2.077,0.0,14.33,85.67,734,1.0293,2.5412,0.01751
694,1065984,1331,2.093,0.0,14.33,85.67,734,1.0078,3.0925,0.01235
695,1067520,1333,2.07,0.0,13.67,86.33,734,1.0358,0.3187,0.00953
696,1069056,1333,2.07,0.0,13.67,86.33,734,1.0628,0.1909,0.00615
697,1070592,1333,2.07,0.0,13.67,86.33,734,1.0565,0.1613,0.00728
698,1072128,1335,2.06,0.0,13.67,86.33,734,1.0404,0.1667,0.0058
699,1073664,1336,2.077,0.0,13.67,86.33,734,1.0243,0.0931,0.00739
700,1075200,1339,2.09,0.0,13.33,86.67,734,1.0185,0.2274,0.00679
701,1076736,1342,2.127,0.0,13.33,86.67,734,0.9896,3.1116,0.0154
702,1078272,1344,2.133,0.0,13.33,86.67,734,1.0395,0.0712,0.00696
703,1079808,1345,2.137,0.0,13.33,86.67,734,1.0449,0.2807,0.00729
704,1081344,1346,2.133,0.0,13.33,86.67,734,1.0541,0.2603,0.00614
705,1082880,1348,2.14,0.0,13.67,86.33,734,1.0383,3.3685,0.00747
706,1084416,1351,2.123,0.0,13.33,86.67,734,1.0877,0.356,0.00782
707,1085952,1353,2.113,0.0,13.67,86.33,734,1.1282,1.9978,0.01254
708,1087488,1354,2.123,0.0,13.67,86.33,734,1.1295,0.1461,0.0063
709,1089024,1356,2.14,0.0,13.67,86.33,734,1.1054,0.4994,0.00898
710,1090560,1358,2.147,0.0,14.0,86.0,734,1.1497,7.2247,0.00768
711,1092096,1360,2.15,0.0,14.33,85.67,734,1.1496,3.5227,0.00617
712,1093632,1365,2.167,0.0,15.0,85.0,734,1.1114,5.9398,0.0175
713,1095168,1366,2.183,0.0,15.0,85.0,734,1.124,0.6242,0.01368
714,1096704,1369,2.21,0.0,14.67,85.33,734,1.1339,0.2993,0.00774
715,1098240,1371,2.17,0.0,14.33,85.67,734,1.146,0.4971,0.00735
