updates,decisions,ticks,episodes,gems_per_life,exit_pct,death_pct,timeout_pct,ticks_per_decision,decisions_per_s,entropy,value_loss,approx_kl
1,768,5563,22,7.455,13.64,86.36,0.0,7.24,247,2.702,144.7812,0.00064
2,1536,10702,42,9.619,19.05,80.95,0.0,6.69,250,2.5391,130.6097,0.00052
3,2304,16545,69,10.116,30.43,68.12,1.45,7.61,236,2.5162,174.5493,0.0006
4,3072,21810,90,10.989,31.11,66.67,2.22,6.86,242,2.4318,139.1205,0.00106
5,3840,26576,110,11.345,30.91,66.36,2.73,6.21,176,2.3696,132.9635,0.00317
6,4608,31412,130,11.569,31.54,64.62,3.85,6.3,185,2.2704,130.7964,0.00383
7,5376,36329,150,12.033,30.67,64.67,4.67,6.4,193,2.1639,160.9705,0.00258
8,6144,40702,172,11.535,28.49,65.12,6.4,5.69,202,2.0697,123.9408,0.00981
9,6912,45426,188,11.787,28.72,63.83,7.45,6.15,207,1.9184,125.2703,0.01798
10,7680,49974,203,11.837,29.56,62.56,7.88,5.92,214,1.8337,89.0594,0.00209
11,8448,55239,228,11.803,29.82,61.84,8.33,6.86,217,1.9398,151.1409,0.00172
12,9216,60089,253,11.806,29.64,62.06,8.3,6.32,220,2.0127,159.3897,0.00272
13,9984,64821,268,11.866,29.85,61.57,8.58,6.16,223,1.8958,131.7315,0.00747
14,10752,69371,294,11.949,30.61,60.54,8.84,5.92,226,1.9554,142.0527,0.01369
15,11520,74585,306,11.963,31.0,60.0,9.0,6.79,229,2.0329,107.9787,0.00342
16,12288,79309,326,12.207,32.0,58.33,9.67,6.15,231,1.9538,131.5725,0.00139
17,13056,83565,342,12.587,32.33,57.0,10.67,5.54,232,1.7675,76.634,0.00069
18,13824,88233,364,12.537,31.33,57.33,11.33,6.08,234,1.7742,123.977,0.00254
19,14592,93088,392,12.32,29.33,58.33,12.33,6.32,236,1.9186,130.7874,0.01986
20,15360,97334,405,12.347,29.0,58.33,12.67,5.53,238,1.9779,91.0163,0.02509
21,16128,101272,422,12.26,29.33,58.0,12.67,5.13,242,1.7859,82.2177,0.00196
22,16896,105780,447,11.73,28.33,58.33,13.33,5.87,244,1.8264,144.7414,0.01099
23,17664,110892,470,12.09,29.67,57.0,13.33,6.66,244,1.9677,123.6085,0.00755
24,18432,115700,494,11.887,28.67,59.0,12.33,6.26,245,2.0688,140.5484,0.00415
25,19200,120260,516,11.383,28.33,59.33,12.33,5.94,246,1.9429,111.0315,0.00626
26,19968,125936,539,11.687,27.0,60.33,12.67,7.39,246,2.0798,120.2944,0.00317
27,20736,131235,564,11.62,28.0,59.0,13.0,6.9,246,2.0867,173.9877,0.02588
28,21504,136224,578,11.63,29.0,57.67,13.33,6.5,246,2.0845,120.7091,0.00123
29,22272,141462,594,11.887,29.33,58.0,12.67,6.82,246,1.9943,108.4331,0.00281
30,23040,145963,615,12.413,29.33,57.33,13.33,5.86,246,1.8851,112.563,0.01209
31,23808,150336,630,12.14,29.0,57.0,14.0,5.69,246,1.7926,88.7613,0.0068
32,24576,154817,649,11.877,29.33,57.33,13.33,5.83,247,1.5956,100.6492,0.00262
33,25344,158674,668,12.017,30.0,56.33,13.67,5.02,249,1.5956,112.0942,0.0013
34,26112,162386,677,12.077,30.33,55.67,14.0,4.83,250,1.6325,65.2606,0.00057
35,26880,166835,694,12.353,31.0,55.33,13.67,5.79,251,1.6527,78.2057,0.00127
36,27648,171291,714,12.267,30.33,56.0,13.67,5.8,252,1.6276,110.3703,0.0211
37,28416,175245,732,12.413,31.0,55.67,13.33,5.15,254,1.6735,131.6138,0.01
38,29184,179132,752,12.49,30.67,56.0,13.33,5.06,254,1.6352,129.6708,0.0313
39,29952,183745,765,12.367,31.67,55.0,13.33,6.01,254,1.6341,107.5361,0.00715
40,30720,188046,785,12.92,34.33,51.67,14.0,5.6,256,1.7559,118.907,0.02458
41,31488,192811,802,13.387,36.33,49.33,14.33,6.2,256,1.9581,137.2783,0.01495
42,32256,197428,827,13.757,39.0,47.33,13.67,6.01,257,1.9946,147.906,0.00368
43,33024,202526,852,13.597,40.33,47.0,12.67,6.64,257,2.1579,158.6015,0.01004
44,33792,207972,884,13.543,40.67,47.67,11.67,7.09,257,2.1598,202.4907,0.00849
45,34560,212456,909,12.817,40.0,49.33,10.67,5.84,257,2.1097,176.3372,0.0145
46,35328,217327,933,13.047,41.33,48.33,10.33,6.34,257,2.1062,151.0987,0.00315
47,36096,222355,958,13.303,41.33,49.0,9.67,6.55,258,2.1306,147.3762,0.03802
48,36864,226852,980,13.273,41.33,49.0,9.67,5.86,258,2.0523,131.753,0.00398
49,37632,231650,1000,13.313,43.33,47.67,9.0,6.25,258,1.9898,117.711,0.01077
50,38400,236445,1018,13.307,44.0,47.67,8.33,6.24,259,1.8421,98.8332,0.00153
51,39168,241675,1039,13.603,44.67,46.67,8.67,6.81,259,1.8483,131.1659,0.00456
52,39936,246413,1057,13.883,46.0,45.0,9.0,6.17,259,1.8452,94.9231,0.00262
53,40704,251377,1075,13.673,43.67,47.67,8.67,6.46,259,1.9408,91.9714,0.0085
54,41472,256265,1098,13.37,43.33,48.0,8.67,6.36,259,2.0949,122.1608,0.01278
55,42240,261042,1117,13.46,42.0,49.0,9.0,6.22,259,2.0393,104.5251,0.00229
56,43008,265296,1139,13.527,41.33,50.0,8.67,5.54,259,1.9761,156.1032,0.01274
57,43776,269953,1167,13.557,39.33,50.67,10.0,6.06,259,1.8093,137.7978,0.00866
58,44544,273574,1180,13.603,38.67,51.33,10.0,4.71,260,1.7592,73.7177,0.00262
59,45312,277145,1196,13.51,38.67,51.0,10.33,4.65,261,1.698,106.0486,0.00247
60,46080,280963,1218,13.493,37.0,52.0,11.0,4.97,261,1.6174,108.1666,0.00213
61,46848,284874,1237,13.303,36.67,52.33,11.0,5.09,262,1.6863,119.2672,0.00129
62,47616,288947,1255,13.2,37.0,51.33,11.67,5.3,262,1.7387,94.7135,0.00258
63,48384,293539,1274,13.2,37.0,50.67,12.33,5.98,262,1.8231,114.412,0.0108
64,49152,298063,1306,13.147,38.0,49.0,13.0,5.89,263,1.873,151.5845,0.00683
65,49920,302990,1330,13.02,39.33,48.0,12.67,6.42,264,1.9174,163.5225,0.01643
66,50688,307748,1360,13.033,40.33,48.0,11.67,6.2,264,1.901,172.25,0.02883
67,51456,312728,1385,13.053,42.33,47.33,10.33,6.48,264,1.8396,152.832,0.00998
68,52224,317090,1411,12.723,41.67,48.0,10.33,5.68,265,1.8457,172.3146,0.00295
69,52992,321893,1444,12.63,40.33,49.67,10.0,6.25,265,1.9722,169.6425,0.02824
70,53760,326683,1465,12.503,42.67,47.67,9.67,6.24,265,1.8935,140.3287,0.0318
71,54528,330969,1479,12.81,44.0,46.0,10.0,5.58,265,1.7182,82.9147,0.0033
72,55296,335384,1503,12.913,46.0,43.67,10.33,5.75,265,1.7092,140.0892,0.01066
73,56064,339512,1524,13.13,47.0,43.33,9.67,5.38,266,1.7435,120.9646,0.00325
74,56832,343687,1549,13.057,48.33,43.0,8.67,5.44,266,1.7571,102.5186,0.00592
75,57600,347893,1573,12.873,48.0,43.67,8.33,5.48,267,1.7771,127.5991,0.00316
76,58368,352524,1599,12.787,47.33,45.0,7.67,6.03,268,1.9007,155.1723,0.00271
77,59136,356906,1623,12.713,47.0,45.67,7.33,5.71,268,1.957,154.0141,0.00765
78,59904,361080,1645,12.317,45.33,47.33,7.33,5.43,269,1.8031,94.1306,0.00736
79,60672,364733,1660,12.17,44.0,47.33,8.67,4.76,269,1.497,65.0117,0.00682
80,61440,368594,1682,12.117,43.67,47.33,9.0,5.03,270,1.5077,130.5446,0.0058
81,62208,372406,1700,12.28,44.0,46.0,10.0,4.96,271,1.5667,92.9329,0.00303
82,62976,376656,1720,12.233,46.33,44.0,9.67,5.53,272,1.6026,130.189,0.00149
83,63744,381289,1739,12.203,48.33,42.33,9.33,6.03,272,1.6359,96.9468,0.02009
84,64512,385879,1760,12.67,49.0,41.67,9.33,5.98,272,1.612,131.0732,0.01779
85,65280,390427,1783,12.733,49.33,41.33,9.33,5.92,272,1.6007,143.955,0.01285
86,66048,395201,1808,12.843,49.0,42.33,8.67,6.22,272,1.7969,133.5302,0.0072
87,66816,399669,1838,12.953,50.0,40.67,9.33,5.82,273,1.8451,181.7682,0.00512
88,67584,404141,1858,13.25,50.67,39.67,9.67,5.82,273,1.8629,152.7695,0.00411
89,68352,409263,1883,13.497,51.33,39.0,9.67,6.67,272,1.7875,133.6487,0.0031
90,69120,413546,1902,13.937,53.67,37.33,9.0,5.58,272,1.7533,85.4462,0.00455
91,69888,417586,1927,13.89,54.33,36.33,9.33,5.26,273,1.7576,135.0008,0.00397
92,70656,422075,1949,14.203,56.33,33.67,10.0,5.85,273,1.6953,78.0992,0.0015
93,71424,426736,1969,14.593,59.33,31.67,9.0,6.07,273,1.518,92.8475,0.00947
94,72192,431010,1989,14.657,58.67,33.0,8.33,5.57,273,1.4541,102.554,0.0027
95,72960,435699,2010,14.693,60.33,32.0,7.67,6.11,273,1.3713,69.6061,0.00343
96,73728,439507,2025,14.53,60.67,31.0,8.33,4.96,274,1.3476,63.1963,0.01047
97,74496,443691,2045,14.483,60.67,31.0,8.33,5.45,274,1.3569,70.9534,0.01535
98,75264,447648,2068,14.293,60.67,32.0,7.33,5.15,274,1.3382,156.6117,0.00913
99,76032,451364,2085,14.377,59.33,32.67,8.0,4.84,275,1.3283,91.3118,0.01053
100,76800,455220,2109,13.96,58.0,34.0,8.0,5.02,275,1.206,97.9547,0.01159
101,77568,459157,2127,13.887,58.0,34.0,8.0,5.13,276,1.0758,74.4471,0.00923
102,78336,463489,2153,13.6,57.67,33.0,9.33,5.64,276,1.2034,100.5636,0.00515
103,79104,467436,2173,13.493,58.0,33.67,8.33,5.14,277,1.2522,108.493,0.00352
104,79872,471337,2194,13.183,57.0,34.33,8.67,5.08,277,1.2137,96.2978,0.01018
105,80640,475190,2214,13.163,58.33,33.33,8.33,5.02,278,1.1932,94.6126,0.01342
106,81408,479289,2235,13.313,58.0,34.33,7.67,5.34,278,1.2246,106.911,0.00194
107,82176,483284,2257,12.99,58.0,34.0,8.0,5.2,278,1.2859,86.2021,0.00341
108,82944,487736,2280,13.14,57.67,34.0,8.33,5.8,278,1.347,104.7145,0.00888
109,83712,492027,2305,13.113,56.67,34.67,8.67,5.59,279,1.4365,91.8688,0.00652
110,84480,496593,2328,13.07,57.33,34.0,8.67,5.95,279,1.4788,99.6189,0.02101
111,85248,501730,2357,13.057,57.67,34.33,8.0,6.69,279,1.525,93.4272,0.00584
112,86016,505913,2384,12.943,59.0,33.67,7.33,5.45,279,1.5233,122.1934,0.00408
113,86784,510351,2409,12.933,59.33,32.67,8.0,5.78,279,1.6753,119.9579,0.005
114,87552,515638,2436,13.08,60.67,32.67,6.67,6.88,279,1.4732,77.2175,0.00597
115,88320,519880,2456,13.247,62.0,32.0,6.0,5.52,279,1.4294,85.8281,0.00755
116,89088,524515,2485,13.267,60.33,31.67,8.0,6.04,279,1.2913,169.2821,0.01169
117,89856,528728,2507,13.567,61.0,31.67,7.33,5.49,279,1.266,91.585,0.01381
118,90624,532786,2525,13.63,61.33,31.67,7.0,5.28,279,1.2836,85.6729,0.00391
119,91392,536398,2543,13.61,61.67,31.67,6.67,4.7,280,1.2626,80.7773,0.00453
120,92160,540340,2561,13.717,61.33,32.67,6.0,5.13,280,1.2072,107.7715,0.00106
121,92928,543541,2580,13.793,61.67,32.0,6.33,4.17,281,1.1832,77.36,0.00463
122,93696,547462,2603,13.557,61.0,32.67,6.33,5.11,281,1.3483,112.9528,0.00689
123,94464,551218,2618,13.563,61.0,32.67,6.33,4.89,282,1.4279,68.0334,0.00704
124,95232,554435,2634,13.79,61.0,32.67,6.33,4.19,282,1.3637,83.2445,0.00338
125,96000,557706,2649,13.707,59.67,33.33,7.0,4.26,282,1.2881,60.6754,0.00708
126,96768,560848,2673,13.95,60.33,31.33,8.33,4.09,283,1.1937,122.6245,0.00709
127,97536,564245,2688,14.007,62.0,29.67,8.33,4.42,283,1.2569,54.8954,0.00295
128,98304,567800,2706,14.307,63.33,28.33,8.33,4.63,283,1.2344,61.0196,0.00364
129,99072,571183,2720,14.41,63.33,28.0,8.67,4.4,284,1.2076,40.0301,0.00288
130,99840,574896,2738,14.663,64.0,27.67,8.33,4.83,284,1.2668,78.5839,0.00194
131,100608,578582,2758,14.627,63.67,28.33,8.0,4.8,284,1.2582,108.9545,0.00218
132,101376,581841,2785,14.63,65.67,27.33,7.0,4.24,284,1.2414,106.8489,0.00386
133,102144,585176,2803,14.513,65.67,27.33,7.0,4.34,285,1.215,73.9858,0.0079
134,102912,588841,2825,14.313,65.67,26.67,7.67,4.77,285,1.3083,120.0926,0.01065
135,103680,592902,2847,14.407,65.33,26.67,8.0,5.29,285,1.4625,107.4785,0.00637
136,104448,597186,2873,14.527,66.33,26.0,7.67,5.58,285,1.4673,117.6949,0.00621
137,105216,601444,2899,14.52,67.0,25.67,7.33,5.54,286,1.4924,107.8001,0.00514
138,105984,605631,2923,14.64,67.0,25.33,7.67,5.45,286,1.4365,78.7075,0.0047
139,106752,610141,2951,14.723,67.0,26.0,7.0,5.87,286,1.5925,139.9264,0.00743
140,107520,614889,2982,14.563,68.0,26.33,5.67,6.18,285,1.6188,132.5123,0.0049
141,108288,619762,3010,14.64,69.0,26.0,5.0,6.35,285,1.5002,143.5954,0.03917
142,109056,624225,3043,14.51,67.67,27.33,5.0,5.81,285,1.4168,192.3687,0.02086
143,109824,628709,3068,14.38,68.33,26.0,5.67,5.84,285,1.447,80.7832,0.01296
144,110592,633568,3102,14.723,68.33,26.33,5.33,6.33,285,1.3984,122.8895,0.02141
145,111360,637910,3130,14.673,68.33,27.33,4.33,5.65,285,1.4107,146.2793,0.0101
146,112128,642373,3154,14.923,70.0,25.67,4.33,5.81,285,1.4992,109.927,0.02163
147,112896,646674,3184,14.837,69.67,26.0,4.33,5.6,285,1.4289,140.3092,0.00863
148,113664,651034,3210,15.047,69.0,26.67,4.33,5.68,285,1.3673,203.8308,0.00966
149,114432,654926,3233,14.953,68.67,27.33,4.0,5.07,285,1.105,105.6374,0.00847
150,115200,658757,3254,14.863,70.0,26.33,3.67,4.99,285,1.0544,86.1468,0.01314
151,115968,662846,3276,15.1,71.67,25.0,3.33,5.32,286,1.0202,80.654,0.00462
152,116736,666744,3297,15.12,72.33,24.33,3.33,5.08,286,0.9949,57.212,0.00842
153,117504,670428,3324,14.763,72.0,24.67,3.33,4.8,286,1.0054,144.0675,0.0058
154,118272,674047,3350,14.737,73.0,23.67,3.33,4.71,287,0.9556,102.9165,0.00902
155,119040,677836,3368,14.79,72.67,24.67,2.67,4.93,287,1.011,93.0452,0.00944
156,119808,681646,3384,14.647,72.0,25.33,2.67,4.96,287,0.9853,130.5492,0.02378
157,120576,685165,3407,14.567,71.67,25.67,2.67,4.58,287,1.0292,148.0668,0.01161
158,121344,688975,3426,14.843,71.67,25.33,3.0,4.96,287,0.9275,45.289,0.00634
159,122112,692508,3445,14.9,72.0,24.67,3.33,4.6,288,0.9236,52.7549,0.01463
160,122880,696503,3464,14.7,70.0,25.33,4.67,5.2,288,0.9733,115.898,0.0102
161,123648,700671,3489,14.85,71.0,25.0,4.0,5.43,288,1.0046,60.1853,0.00668
162,124416,704884,3518,14.917,72.0,23.33,4.67,5.49,288,1.1489,102.976,0.00666
163,125184,709009,3550,14.663,69.0,26.0,5.0,5.37,288,1.2399,162.7203,0.01936
164,125952,713140,3576,14.403,68.67,26.67,4.67,5.38,288,1.1217,106.3064,0.05171
165,126720,717067,3599,14.33,66.0,29.0,5.0,5.11,288,1.0682,109.4897,0.0077
166,127488,720839,3619,14.4,65.33,29.0,5.67,4.91,289,1.0108,77.4156,0.0042
167,128256,724583,3640,14.88,64.33,29.67,6.0,4.88,289,1.1183,85.1937,0.01164
168,129024,728750,3670,14.85,63.33,30.67,6.0,5.43,289,1.273,169.1322,0.01276
169,129792,732785,3695,14.52,62.33,31.33,6.33,5.25,289,1.2877,110.891,0.00819
170,130560,736617,3715,14.327,61.67,32.33,6.0,4.99,289,1.0717,151.0295,0.03148
171,131328,740737,3737,14.153,63.33,30.67,6.0,5.36,289,0.9944,44.4287,0.02549
172,132096,744877,3762,14.07,65.33,29.67,5.0,5.39,289,1.0481,53.9566,0.00819
173,132864,748735,3783,14.033,64.33,31.33,4.33,5.02,289,1.086,164.881,0.00636
174,133632,752771,3809,14.14,64.33,31.33,4.33,5.26,289,1.0449,119.9392,0.02105
175,134400,756328,3832,13.927,63.0,32.33,4.67,4.63,290,1.1481,110.2142,0.01798
176,135168,760535,3861,14.46,63.33,31.0,5.67,5.48,290,1.0309,160.9386,0.03485
177,135936,764696,3886,14.433,63.67,31.0,5.33,5.42,290,1.0132,116.5018,0.01385
178,136704,768521,3905,14.727,65.0,29.33,5.67,4.98,290,0.9744,64.6682,0.00663
179,137472,773145,3930,14.703,64.33,30.0,5.67,6.02,290,1.0104,120.8838,0.01757
180,138240,776468,3948,14.797,67.0,27.67,5.33,4.33,290,0.9336,86.5655,0.02825
181,139008,780253,3972,14.953,68.33,26.33,5.33,4.93,290,1.0001,128.2472,0.01668
182,139776,783803,3990,15.17,68.0,26.0,6.0,4.62,291,1.0645,54.8822,0.00587
183,140544,787991,4007,15.447,69.0,25.33,5.67,5.45,291,1.0328,64.7164,0.01219
184,141312,792037,4029,15.883,70.0,24.0,6.0,5.27,291,1.0859,65.3178,0.01628
185,142080,795946,4055,16.123,68.0,25.33,6.67,5.09,291,1.0163,117.6426,0.00971
186,142848,800136,4083,16.01,69.33,24.33,6.33,5.46,291,0.8519,102.5637,0.00896
187,143616,803957,4107,16.0,71.0,23.33,5.67,4.98,291,0.8504,84.5187,0.026
188,144384,807846,4127,16.34,72.33,22.33,5.33,5.06,292,0.8427,88.9244,0.00623
189,145152,811351,4142,16.523,74.33,21.0,4.67,4.56,292,0.8367,43.3695,0.00573
190,145920,815068,4165,16.84,73.33,20.67,6.0,4.84,292,0.8033,106.2237,0.0057
191,146688,819247,4197,16.527,72.33,21.67,6.0,5.44,292,0.7697,146.2708,0.01236
192,147456,823355,4220,16.523,74.0,21.0,5.0,5.35,292,0.7431,64.8415,0.00527
193,148224,827234,4241,16.873,74.0,21.0,5.0,5.05,292,0.7408,105.2231,0.00497
194,148992,831252,4263,16.677,73.33,21.33,5.33,5.23,292,0.7808,120.7717,0.00915
195,149760,834888,4285,16.707,73.67,21.67,4.67,4.73,293,0.7576,63.2061,0.00578
196,150528,838462,4302,16.623,74.0,21.33,4.67,4.65,293,0.8221,67.8171,0.01144
197,151296,842192,4321,16.507,73.67,22.0,4.33,4.86,293,0.8017,100.3054,0.01171
198,152064,845555,4336,16.497,73.33,22.33,4.33,4.38,294,0.7105,49.8571,0.00591
199,152832,849058,4356,16.377,74.67,21.67,3.67,4.56,294,0.7033,67.9293,0.01854
200,153600,852672,4381,16.383,71.67,23.33,5.0,4.71,294,0.8092,177.3323,0.00578
201,154368,856491,4398,16.42,71.33,23.67,5.0,4.97,294,0.8944,107.8245,0.01986
202,155136,860243,4425,16.45,70.33,24.33,5.33,4.89,294,0.8837,116.0609,0.00624
203,155904,864203,4448,16.213,69.33,25.67,5.0,5.16,294,0.9924,171.7979,0.0092
204,156672,868511,4479,15.903,70.33,25.0,4.67,5.61,294,1.0952,114.7362,0.02021
205,157440,872520,4505,15.947,68.0,27.33,4.67,5.22,295,1.0621,158.8813,0.01216
206,158208,876748,4531,15.737,67.0,28.0,5.0,5.51,294,0.9438,141.4903,0.04012
207,158976,881625,4567,15.557,68.0,27.0,5.0,6.35,294,0.8135,134.5419,0.00941
208,159744,885943,4596,15.467,67.33,28.0,4.67,5.62,294,0.8693,164.2779,0.01878
209,160512,889855,4627,15.5,65.67,29.67,4.67,5.09,294,0.8979,183.5551,0.02317
210,161280,894172,4656,15.193,64.33,31.67,4.0,5.62,295,0.9978,124.0296,0.01002
211,162048,898723,4673,15.563,67.33,29.33,3.33,5.93,295,0.9093,113.4253,0.03661
212,162816,902651,4700,15.497,65.67,31.0,3.33,5.11,295,1.1251,136.5857,0.01144
213,163584,906874,4722,15.52,66.0,30.67,3.33,5.5,295,1.051,58.9848,0.01192
214,164352,911016,4754,15.49,67.33,30.33,2.33,5.39,295,1.0546,176.4484,0.00736
215,165120,915287,4772,15.777,68.0,29.67,2.33,5.56,295,1.0815,82.2671,0.01042
216,165888,919132,4796,16.15,68.67,28.67,2.67,5.01,295,1.1228,90.7443,0.00957
217,166656,922932,4821,16.163,66.0,30.0,4.0,4.95,295,1.1559,99.042,0.02143
218,167424,927034,4842,16.34,66.33,30.33,3.33,5.34,295,1.2814,158.9364,0.0205
219,168192,930986,4870,16.29,64.67,32.0,3.33,5.15,295,1.1775,132.565,0.01093
220,168960,935233,4893,16.583,65.67,30.33,4.0,5.53,295,1.0946,101.7476,0.06834
221,169728,939014,4918,16.6,65.0,31.0,4.0,4.92,295,1.2039,187.0911,0.0164
222,170496,943124,4941,16.517,65.0,30.67,4.33,5.35,295,1.1528,122.7366,0.01714
223,171264,946707,4963,16.647,64.67,30.67,4.67,4.67,295,0.9726,120.657,0.02058
224,172032,950546,4981,16.41,65.0,30.33,4.67,5.0,295,0.9047,95.4127,0.03336
225,172800,954590,5002,16.663,65.67,29.33,5.0,5.27,295,0.8309,95.4588,0.00963
226,173568,958898,5030,16.973,65.33,30.0,4.67,5.61,295,0.8504,157.1417,0.03456
227,174336,963082,5053,17.233,64.67,30.33,5.0,5.45,295,0.8739,103.2045,0.01485
228,175104,967436,5078,16.94,64.33,30.67,5.0,5.67,295,0.9659,114.6702,0.01227
229,175872,971598,5104,17.11,66.33,29.67,4.0,5.42,295,1.0572,100.2773,0.01016
230,176640,975379,5124,17.15,67.67,29.0,3.33,4.92,295,1.0827,96.8363,0.02528
231,177408,979560,5142,17.267,68.67,27.67,3.67,5.44,295,1.1225,95.7648,0.00464
232,178176,983293,5159,17.647,68.67,27.33,4.0,4.86,295,1.2493,89.8757,0.00786
233,178944,986993,5175,18.03,68.0,27.67,4.33,4.82,295,1.0744,119.3443,0.0061
234,179712,990573,5188,18.037,67.0,29.33,3.67,4.66,296,1.0074,78.7607,0.00691
235,180480,994251,5214,17.88,66.0,29.67,4.33,4.79,296,0.9224,133.3049,0.00499
236,181248,998048,5233,18.117,66.67,28.67,4.67,4.94,296,0.8593,83.1136,0.01248
237,182016,1001718,5250,18.197,68.33,27.0,4.67,4.78,287,0.8054,46.6239,0.0061
238,182784,1005192,5271,18.25,67.0,28.0,5.0,4.52,280,0.9307,129.945,0.03928
239,183552,1008970,5293,18.19,67.67,27.67,4.67,4.92,280,0.9885,105.8593,0.01287
240,184320,1012792,5309,18.043,67.67,27.67,4.67,4.98,280,0.9032,75.1187,0.01319
241,185088,1016763,5332,18.19,67.33,27.33,5.33,5.17,280,0.9569,159.4666,0.00576
242,185856,1020660,5354,18.307,67.33,27.33,5.33,5.07,280,0.9343,148.5146,0.01293
243,186624,1025008,5385,18.213,67.67,26.67,5.67,5.66,280,0.9046,87.2631,0.01769
244,187392,1029016,5413,17.943,67.33,27.0,5.67,5.22,281,0.8944,103.311,0.00959
245,188160,1033214,5434,18.143,68.0,26.0,6.0,5.47,281,0.9425,48.9452,0.01298
246,188928,1037611,5458,17.743,68.67,25.33,6.0,5.73,280,0.9506,72.7046,0.00544
247,189696,1042041,5485,17.49,70.67,23.33,6.0,5.77,281,1.0061,87.7383,0.00853
248,190464,1046308,5508,17.6,72.0,22.67,5.33,5.56,281,1.1101,105.1931,0.03519
249,191232,1050537,5533,17.673,72.67,22.33,5.0,5.51,281,1.0628,123.3647,0.04333
250,192000,1054649,5557,17.46,71.0,24.0,5.0,5.35,281,1.0952,120.2101,0.01186
251,192768,1059031,5579,17.7,73.0,23.0,4.0,5.71,281,0.9941,86.6819,0.01473
252,193536,1062947,5596,17.673,73.33,22.33,4.33,5.1,281,1.0151,70.0027,0.00717
253,194304,1066878,5620,17.433,70.67,24.67,4.67,5.12,281,1.1434,96.5024,0.01023
254,195072,1070357,5633,17.193,71.33,24.33,4.33,4.53,281,1.0355,102.0089,0.01059
255,195840,1073949,5655,17.14,71.33,24.0,4.67,4.68,281,0.8453,91.2695,0.00556
256,196608,1077301,5672,17.517,72.0,23.67,4.33,4.36,281,0.8013,68.1733,0.00817
257,197376,1081058,5696,17.843,72.0,23.0,5.0,4.89,282,0.7838,81.0958,0.03101
258,198144,1084800,5714,17.913,72.0,22.67,5.33,4.87,282,0.7961,96.752,0.01773
259,198912,1088653,5738,17.913,73.0,22.0,5.0,5.02,282,0.8467,58.4853,0.00958
260,199680,1092613,5760,17.947,72.0,23.33,4.67,5.16,282,0.8535,130.984,0.01298
261,200448,1096472,5780,17.793,72.33,23.33,4.33,5.02,282,0.7774,132.6887,0.01423
262,201216,1100499,5799,17.613,72.0,23.33,4.67,5.24,282,0.7171,72.8336,0.02291
263,201984,1104126,5818,17.607,72.0,23.0,5.0,4.72,282,0.679,59.2982,0.0388
264,202752,1108134,5840,18.173,73.67,21.33,5.0,5.22,282,0.7892,50.8225,0.00942
265,203520,1111833,5860,18.287,76.0,19.0,5.0,4.82,282,0.7714,37.3861,0.00628
266,204288,1115360,5881,18.097,75.67,19.67,4.67,4.59,283,0.7631,123.9783,0.00889
267,205056,1118697,5898,18.103,75.33,19.67,5.0,4.35,283,0.771,69.3786,0.00602
268,205824,1122955,5924,18.127,76.33,18.0,5.67,5.54,283,0.8074,102.6224,0.00988
269,206592,1126901,5946,17.93,77.67,17.0,5.33,5.14,283,0.8831,105.5191,0.01912
270,207360,1130918,5964,18.017,77.33,17.0,5.67,5.23,283,0.9817,56.1371,0.00883
271,208128,1134612,5983,17.853,77.33,17.67,5.0,4.81,283,0.9811,105.0539,0.01892
272,208896,1138195,6001,17.813,76.67,18.67,4.67,4.67,283,0.9644,139.5984,0.01051
273,209664,1141634,6018,17.907,76.33,18.67,5.0,4.48,283,0.9831,69.0286,0.01452
274,210432,1145395,6038,17.76,75.67,18.67,5.67,4.9,284,1.037,29.8819,0.0146
275,211200,1149542,6058,17.94,74.33,19.67,6.0,5.4,284,1.1487,111.7984,0.05144
276,211968,1152855,6076,17.687,72.33,21.33,6.33,4.31,284,1.0987,94.6121,0.0138
277,212736,1156233,6095,17.6,72.67,21.33,6.0,4.4,284,1.01,97.3,0.03973
278,213504,1159808,6109,17.537,71.33,22.33,6.33,4.65,284,0.956,85.3751,0.0114
279,214272,1163383,6129,17.307,70.33,22.67,7.0,4.65,284,0.8503,45.3006,0.00466
280,215040,1167256,6148,17.403,70.0,23.0,7.0,5.04,284,0.8596,44.1969,0.01601
281,215808,1171598,6169,17.237,70.0,23.0,7.0,5.65,284,0.9131,92.2003,0.00752
282,216576,1175937,6196,17.53,69.33,23.0,7.67,5.65,284,0.8694,135.0196,0.00457
283,217344,1180266,6217,17.493,70.0,22.33,7.67,5.64,285,0.7858,70.9719,0.0073
284,218112,1184650,6241,17.93,71.67,21.67,6.67,5.71,284,0.7585,103.1767,0.00696
285,218880,1188881,6263,17.937,70.0,23.67,6.33,5.51,285,0.8514,131.928,0.0188
286,219648,1193071,6288,18.013,68.33,25.33,6.33,5.46,285,0.919,161.2817,0.00401
287,220416,1197114,6309,18.107,69.33,24.33,6.33,5.26,285,0.9136,78.176,0.0206
288,221184,1200854,6332,18.123,69.33,25.0,5.67,4.87,285,0.9669,66.0155,0.00722
289,221952,1204558,6345,18.317,70.67,24.33,5.0,4.82,285,0.9304,63.878,0.00794
290,222720,1208154,6372,18.427,73.0,22.0,5.0,4.68,285,0.9579,75.49,0.01246
291,223488,1211786,6394,18.52,72.33,22.33,5.33,4.73,285,1.1022,101.4457,0.00847
292,224256,1215765,6417,18.197,71.67,23.0,5.33,5.18,285,1.0207,124.8664,0.04222
293,225024,1220063,6438,18.24,72.0,23.67,4.33,5.6,285,0.9074,95.5445,0.01262
294,225792,1223515,6458,17.95,71.33,24.67,4.0,4.49,285,0.9705,120.039,0.00712
295,226560,1227232,6477,17.81,71.67,24.0,4.33,4.84,285,0.9095,23.5466,0.00723
296,227328,1231037,6497,17.633,72.33,23.67,4.0,4.95,286,0.9216,91.2072,0.01833
297,228096,1234747,6516,17.993,72.0,23.67,4.33,4.83,286,0.9087,49.8733,0.01696
298,228864,1238662,6536,17.83,72.67,23.33,4.0,5.1,286,0.8936,61.2014,0.00729
299,229632,1242175,6552,17.793,70.67,24.67,4.67,4.57,286,0.9141,168.7763,0.01048
300,230400,1245670,6572,17.803,71.67,23.67,4.67,4.55,286,1.02,107.0461,0.02658
301,231168,1249469,6602,17.523,72.33,22.33,5.33,4.95,286,1.0064,94.8168,0.00729
302,231936,1253480,6623,17.513,70.67,23.67,5.67,5.22,286,0.9947,117.7146,0.01566
303,232704,1257429,6648,17.177,70.0,24.0,6.0,5.14,286,1.0836,103.0015,0.0119
304,233472,1261653,6677,16.937,69.67,25.0,5.33,5.5,286,1.0645,187.9254,0.01209
305,234240,1266105,6702,17.14,70.67,24.33,5.0,5.8,286,0.9587,100.9608,0.00842
306,235008,1270033,6731,17.09,71.33,24.0,4.67,5.11,287,1.0492,125.3286,0.01289
307,235776,1273941,6752,16.967,70.33,24.67,5.0,5.09,287,1.0559,121.0528,0.00975
308,236544,1277868,6771,16.987,70.67,24.33,5.0,5.11,287,0.9735,54.7184,0.03858
309,237312,1281507,6791,17.34,71.0,24.33,4.67,4.74,287,0.9634,61.8228,0.01058
310,238080,1285369,6817,17.11,69.67,24.67,5.67,5.03,287,0.9953,79.1692,0.02644
311,238848,1289216,6842,16.847,69.0,25.33,5.67,5.01,287,0.9733,111.3572,0.01453
312,239616,1292961,6862,16.59,70.33,24.67,5.0,4.88,287,0.962,134.4135,0.04055
313,240384,1296418,6879,16.427,70.0,24.67,5.33,4.5,287,1.0186,98.7033,0.00615
314,241152,1299806,6897,16.667,70.33,24.67,5.0,4.41,287,0.7831,99.8877,0.02776
315,241920,1303037,6913,16.593,70.33,25.67,4.0,4.21,287,0.7326,85.2769,0.01412
316,242688,1306600,6931,16.8,71.0,24.67,4.33,4.64,288,0.7016,41.7729,0.01653
317,243456,1309987,6950,16.573,69.67,25.67,4.67,4.41,288,0.7875,94.5949,0.01799
318,244224,1313173,6968,16.38,70.0,24.67,5.33,4.15,288,0.7141,53.5262,0.01718
319,244992,1316552,6991,16.607,69.0,25.0,6.0,4.4,288,0.6934,112.2016,0.00744
320,245760,1320030,7009,16.657,69.33,24.33,6.33,4.53,288,0.6488,80.6369,0.01505
321,246528,1323282,7030,16.827,68.67,25.33,6.0,4.23,288,0.7335,120.8951,0.01327
322,247296,1326688,7050,16.753,69.0,24.67,6.33,4.43,288,0.7527,86.1208,0.01012
323,248064,1330292,7071,16.723,68.67,25.67,5.67,4.69,289,0.8283,91.4412,0.0088
324,248832,1333619,7089,16.267,66.33,27.33,6.33,4.33,289,0.8256,117.5761,0.01325
325,249600,1337056,7114,15.977,66.0,28.0,6.0,4.48,289,0.7817,141.1822,0.01343
326,250368,1340739,7138,16.017,65.33,28.67,6.0,4.8,289,0.7493,138.7387,0.00755
327,251136,1344233,7160,16.307,66.0,28.0,6.0,4.55,289,0.7087,108.5626,0.00497
328,251904,1347673,7174,16.337,67.0,27.0,6.0,4.48,289,0.7384,63.5174,0.00489
329,252672,1350876,7194,16.177,66.33,27.67,6.0,4.17,289,0.8583,167.6704,0.01685
330,253440,1354289,7209,16.393,67.0,27.0,6.0,4.44,290,0.9531,92.2397,0.01782
331,254208,1357870,7229,16.207,66.67,27.67,5.67,4.66,290,0.9565,85.11,0.00913
332,254976,1361092,7251,16.73,68.67,25.67,5.67,4.2,290,0.9281,90.7938,0.01221
333,255744,1364701,7270,17.187,69.67,25.67,4.67,4.7,290,0.8866,86.8461,0.01021
334,256512,1368313,7291,17.377,71.0,25.0,4.0,4.7,290,0.8955,90.6627,0.00807
335,257280,1371958,7309,17.193,71.33,25.0,3.67,4.75,290,0.9375,68.2697,0.01054
336,258048,1375004,7326,17.327,72.0,23.67,4.33,3.97,290,0.8395,72.3123,0.01753
337,258816,1378189,7344,17.45,71.33,24.0,4.67,4.15,291,0.8659,90.9219,0.01036
338,259584,1381180,7356,17.56,70.67,24.67,4.67,3.89,291,0.8712,74.1097,0.0105
339,260352,1384330,7366,17.58,71.33,23.67,5.0,4.1,291,0.8247,59.8935,0.00964
340,261120,1387591,7385,17.92,72.67,22.67,4.67,4.25,291,0.8767,99.3318,0.00938
341,261888,1390522,7394,18.177,73.33,22.33,4.33,3.82,291,0.9052,62.0131,0.04422
342,262656,1393910,7412,18.42,74.0,22.0,4.0,4.41,292,0.9062,74.5212,0.03917
343,263424,1397496,7433,18.467,75.0,20.33,4.67,4.67,292,0.9038,74.3369,0.01335
344,264192,1401585,7455,18.48,72.33,22.0,5.67,5.32,292,0.9003,143.5082,0.02454
345,264960,1404784,7467,18.517,71.67,22.67,5.67,4.17,292,0.9437,101.1147,0.01022
346,265728,1408030,7481,18.593,72.0,22.0,6.0,4.23,292,0.8913,48.8717,0.01256
347,266496,1411665,7498,18.883,73.67,20.33,6.0,4.73,292,0.7401,73.4524,0.00721
348,267264,1415574,7521,19.06,74.0,19.67,6.33,5.09,292,0.662,93.6675,0.00788
349,268032,1419284,7543,18.827,72.33,21.67,6.0,4.83,292,0.662,180.9385,0.0181
350,268800,1422846,7563,18.823,72.0,22.0,6.0,4.64,292,0.6991,104.601,0.01955
351,269568,1426180,7581,18.793,72.0,21.67,6.33,4.34,292,0.7048,90.2574,0.05318
352,270336,1429613,7596,18.833,72.33,21.0,6.67,4.47,293,0.7746,44.2357,0.01617
353,271104,1433272,7615,18.737,71.33,22.0,6.67,4.76,293,0.8329,140.3494,0.01769
354,271872,1436409,7635,18.943,72.33,21.33,6.33,4.08,293,0.7913,74.62,0.00962
355,272640,1439559,7647,19.2,72.67,21.33,6.0,4.1,293,0.8078,51.3946,0.01945
356,273408,1442978,7660,19.43,71.33,22.33,6.33,4.45,293,0.8576,116.2603,0.01925
357,274176,1446044,7673,19.543,71.33,23.0,5.67,3.99,293,0.9266,62.2719,0.01909
358,274944,1448837,7686,19.537,70.67,23.33,6.0,3.64,294,0.9512,64.5931,0.01563
359,275712,1451835,7702,19.12,69.33,24.67,6.0,3.9,294,1.0098,105.5256,0.04169
360,276480,1455771,7715,19.147,68.67,24.67,6.67,5.12,294,1.0425,53.7187,0.04844
361,277248,1458988,7729,19.483,68.33,25.0,6.67,4.19,294,0.8987,73.2363,0.01614
362,278016,1462465,7745,19.427,69.67,23.67,6.67,4.53,294,0.9426,54.8108,0.01087
363,278784,1465612,7764,19.517,70.0,23.0,7.0,4.1,294,0.8646,90.6835,0.01064
364,279552,1468803,7774,19.303,70.33,22.67,7.0,4.15,294,0.8677,38.9382,0.00913
365,280320,1472323,7786,19.443,70.33,23.0,6.67,4.58,295,0.8329,36.8852,0.0111
366,281088,1475541,7805,19.25,70.33,23.33,6.33,4.19,295,0.7552,96.1733,0.01138
367,281856,1478989,7823,19.003,69.67,23.67,6.67,4.49,295,0.7337,64.3789,0.01752
368,282624,1482440,7839,19.393,70.33,22.67,7.0,4.49,295,0.7967,65.5604,0.02905
369,283392,1485893,7859,19.183,71.33,21.33,7.33,4.5,295,0.7861,101.6307,0.0083
370,284160,1489339,7879,19.297,72.67,20.0,7.33,4.49,295,0.808,51.4823,0.00679
371,284928,1492926,7897,19.287,71.33,21.0,7.67,4.67,295,0.8316,103.3996,0.00598
372,285696,1497169,7919,19.703,71.33,20.67,8.0,5.52,295,0.9037,101.6702,0.01164
373,286464,1500883,7939,19.783,71.0,21.0,8.0,4.84,295,0.7521,91.8156,0.01423
374,287232,1504770,7960,19.797,72.33,19.67,8.0,5.06,295,0.7828,75.4023,0.0199
375,288000,1508669,7978,19.837,73.67,18.33,8.0,5.08,295,0.8989,50.0166,0.00914
376,288768,1512073,8002,19.97,76.0,17.0,7.0,4.43,295,0.9513,115.4687,0.00997
377,289536,1515594,8019,19.827,76.67,17.33,6.0,4.58,295,0.8962,90.3152,0.01554
378,290304,1519031,8036,19.88,77.0,17.33,5.67,4.48,296,0.852,96.1608,0.01478
379,291072,1522387,8054,19.857,77.0,17.67,5.33,4.37,296,0.8331,70.8792,0.00896
380,291840,1525735,8067,19.833,77.67,18.0,4.33,4.36,296,0.856,67.2765,0.01076
381,292608,1529038,8086,19.79,77.33,18.0,4.67,4.3,296,0.8205,59.9643,0.01146
382,293376,1532500,8103,19.82,76.67,18.0,5.33,4.51,296,0.844,60.732,0.01264
383,294144,1535706,8117,19.923,77.0,18.0,5.0,4.17,296,0.813,98.4704,0.01061
384,294912,1538927,8136,20.007,76.67,18.33,5.0,4.19,296,0.8798,70.1355,0.01266
385,295680,1542409,8154,20.333,77.67,17.33,5.0,4.53,296,0.7579,65.2372,0.0375
386,296448,1546129,8171,20.3,77.67,17.67,4.67,4.84,296,0.6601,63.648,0.01253
387,297216,1549429,8188,20.163,78.67,17.0,4.33,4.3,296,0.6776,34.7372,0.01563
388,297984,1552680,8205,20.307,76.67,18.67,4.67,4.23,297,0.7996,135.7426,0.03474
389,298752,1556164,8223,19.63,74.0,21.0,5.0,4.54,297,1.0956,162.9863,0.0203
390,299520,1559531,8243,19.517,73.67,22.0,4.33,4.38,297,1.0011,94.3769,0.01198
391,300288,1562757,8257,19.297,71.67,24.0,4.33,4.2,297,1.0769,111.5581,0.0237
392,301056,1565958,8273,19.043,69.67,25.67,4.67,4.17,297,0.9529,105.0181,0.0129
393,301824,1569710,8295,18.873,68.33,26.0,5.67,4.89,297,0.881,86.1854,0.01115
394,302592,1573525,8318,18.723,68.0,25.0,7.0,4.97,297,0.7339,60.7589,0.01749
395,303360,1577424,8340,18.62,68.67,24.33,7.0,5.08,297,0.6455,49.5895,0.01287
396,304128,1581314,8361,18.627,69.67,23.67,6.67,5.07,297,0.6935,59.571,0.01441
397,304896,1584941,8384,18.33,69.0,24.33,6.67,4.72,297,0.6547,66.6399,0.01923
398,305664,1588649,8408,18.083,69.67,24.33,6.0,4.83,297,0.6899,158.9067,0.01148
399,306432,1592011,8426,18.023,68.0,26.0,6.0,4.38,297,0.6631,102.178,0.01686
400,307200,1595321,8445,17.987,68.0,26.67,5.33,4.31,297,0.7427,113.3403,0.00866
401,307968,1598874,8464,17.857,67.33,27.67,5.0,4.63,297,0.7334,84.0699,0.00928
402,308736,1602541,8488,17.503,66.33,28.67,5.0,4.77,297,0.728,176.1536,0.01818
403,309504,1606269,8508,17.417,68.67,26.33,5.0,4.85,297,0.7434,90.422,0.01291
404,310272,1609840,8529,17.453,71.0,24.33,4.67,4.65,297,0.6241,105.1895,0.02459
405,311040,1613308,8551,17.54,71.0,24.0,5.0,4.52,297,0.725,170.425,0.0282
406,311808,1616741,8569,17.773,73.33,22.33,4.33,4.47,297,0.7276,101.0802,0.02469
407,312576,1619949,8588,18.01,74.67,21.67,3.67,4.18,297,0.8583,105.2409,0.02633
408,313344,1623267,8607,18.207,74.67,22.33,3.0,4.32,297,0.7748,111.2236,0.06113
409,314112,1626890,8634,17.883,73.33,23.67,3.0,4.72,297,0.7644,169.3924,0.01489
410,314880,1630202,8649,17.607,72.33,24.33,3.33,4.31,297,0.7164,65.6014,0.01569
411,315648,1633632,8669,17.987,72.67,23.67,3.67,4.47,297,0.6712,67.7308,0.03812
412,316416,1637367,8690,18.173,72.67,24.0,3.33,4.86,297,0.6279,115.0456,0.02038
413,317184,1641338,8712,18.427,74.0,23.0,3.0,5.17,297,0.6826,60.2142,0.00894
414,317952,1645451,8734,18.353,74.33,22.33,3.33,5.36,298,0.6873,71.5113,0.01878
415,318720,1649152,8755,18.663,73.67,22.67,3.67,4.82,298,0.7569,135.0226,0.01465
416,319488,1653078,8778,18.653,74.0,22.67,3.33,5.11,297,0.6842,91.7087,0.01599
417,320256,1656453,8798,18.737,73.33,23.67,3.0,4.39,297,0.6576,123.6992,0.01205
418,321024,1659862,8813,18.647,73.33,23.67,3.0,4.44,297,0.7791,80.9762,0.02567
419,321792,1663533,8835,18.857,72.33,24.0,3.67,4.78,297,0.8036,70.7431,0.01582
420,322560,1667681,8864,18.247,74.33,22.33,3.33,5.4,297,0.7765,93.3176,0.01683
421,323328,1671728,8894,18.183,74.0,22.33,3.67,5.27,297,0.8181,119.7846,0.02008
422,324096,1675608,8916,18.117,75.33,21.33,3.33,5.05,297,0.6795,55.8474,0.03589
423,324864,1679684,8949,18.153,76.0,20.33,3.67,5.31,297,0.6695,119.1845,0.0291
424,325632,1683982,8975,17.727,75.33,21.33,3.33,5.6,297,0.7167,110.8104,0.03087
425,326400,1687432,9000,17.483,75.0,21.33,3.67,4.49,297,0.5529,117.5105,0.02818
426,327168,1691131,9025,17.35,75.33,21.0,3.67,4.82,297,0.5396,93.5456,0.01699
427,327936,1694737,9044,17.47,77.0,20.0,3.0,4.7,297,0.5708,70.031,0.03495
428,328704,1698274,9067,17.507,78.67,18.33,3.0,4.61,297,0.5439,143.2327,0.08668
429,329472,1702044,9089,17.49,79.67,17.33,3.0,4.91,297,0.5775,57.8328,0.02646
430,330240,1705821,9110,17.577,80.33,16.33,3.33,4.92,298,0.6558,62.4763,0.04604
431,331008,1709557,9130,17.707,80.67,16.67,2.67,4.86,298,0.5996,51.3366,0.05668
432,331776,1713192,9151,18.147,81.33,16.33,2.33,4.73,298,0.6538,90.1061,0.0516
433,332544,1716821,9177,17.943,79.0,18.67,2.33,4.73,298,0.6456,101.2326,0.0218
434,333312,1720673,9203,17.837,78.0,20.0,2.0,5.02,298,0.6699,136.8125,0.03319
435,334080,1724260,9223,17.737,77.67,20.33,2.0,4.67,298,0.5526,53.3416,0.02607
436,334848,1728163,9245,18.15,78.0,20.0,2.0,5.08,298,0.5349,93.3692,0.04404
437,335616,1731698,9267,18.41,77.67,20.33,2.0,4.6,298,0.5418,60.1706,0.05555
438,336384,1735681,9294,18.043,74.67,23.0,2.33,5.19,298,0.7602,143.0941,0.02808
439,337152,1739568,9322,17.79,72.67,24.67,2.67,5.06,298,0.7217,174.1132,0.02544
440,337920,1743316,9348,17.04,70.67,26.67,2.67,4.88,298,0.6426,149.8082,0.02213
441,338688,1746951,9369,16.637,69.67,27.33,3.0,4.73,298,0.6231,98.5712,0.08743
442,339456,1750366,9388,16.79,68.0,28.33,3.67,4.45,298,0.6298,84.5885,0.02369
443,340224,1754023,9412,16.5,67.33,29.0,3.67,4.76,298,0.6866,100.0283,0.02108
444,340992,1757912,9435,16.457,67.33,29.0,3.67,5.06,298,0.6411,64.1233,0.03436
445,341760,1761457,9456,16.553,68.0,28.33,3.67,4.62,298,0.6434,118.0386,0.03552
446,342528,1765346,9474,16.563,68.0,28.33,3.67,5.06,298,0.6827,88.7187,0.01912
447,343296,1768965,9498,16.49,69.67,27.0,3.33,4.71,298,0.7137,104.2381,0.02475
448,344064,1772307,9518,16.473,69.0,27.33,3.67,4.35,299,0.7237,62.2918,0.01307
449,344832,1775594,9529,16.71,70.33,26.33,3.33,4.28,299,0.7824,22.155,0.02439
450,345600,1779174,9549,16.587,69.33,26.67,4.0,4.66,299,0.6847,37.0623,0.01396
451,346368,1782410,9567,16.7,70.0,26.0,4.0,4.21,299,0.6091,69.5476,0.06363
452,347136,1786040,9587,17.06,72.33,23.67,4.0,4.73,299,0.6516,54.7055,0.04226
453,347904,1789111,9602,17.063,73.67,22.33,4.0,4.0,299,0.6524,65.5913,0.04061
454,348672,1792622,9624,17.047,74.0,22.33,3.67,4.57,299,0.6302,118.7454,0.07081
455,349440,1796100,9647,17.47,75.33,20.67,4.0,4.53,299,0.6145,54.5338,0.04629
456,350208,1799361,9663,17.827,75.33,20.67,4.0,4.25,299,0.6933,68.4609,0.03758
457,350976,1802641,9684,17.963,75.0,20.33,4.67,4.27,299,0.6749,91.1135,0.0591
458,351744,1806276,9708,17.953,75.33,20.0,4.67,4.73,299,0.6894,96.2768,0.0262
459,352512,1809984,9734,17.807,74.0,21.67,4.33,4.83,299,0.6665,112.3624,0.04576
460,353280,1813620,9750,17.523,73.67,22.0,4.33,4.73,300,0.7013,120.1855,0.0222
461,354048,1817608,9773,17.917,74.67,21.0,4.33,5.19,300,0.6797,74.321,0.09705
462,354816,1821265,9792,18.243,74.33,20.67,5.0,4.76,300,0.5664,104.6352,0.04841
463,355584,1825415,9822,18.217,76.0,19.33,4.67,5.4,299,0.5968,95.0024,0.05874
464,356352,1828985,9842,18.107,75.0,20.33,4.67,4.65,300,0.6602,166.6336,0.02211
465,357120,1832834,9867,18.17,74.33,21.33,4.33,5.01,299,0.6227,115.0364,0.01962
466,357888,1836657,9889,18.04,74.33,21.67,4.0,4.98,300,0.5971,57.1655,0.01964
467,358656,1840717,9918,18.377,75.67,20.0,4.33,5.29,300,0.5169,67.5297,0.028
468,359424,1844482,9941,18.237,74.33,21.67,4.0,4.9,300,0.5366,112.6613,0.01846
469,360192,1848414,9964,18.053,75.0,21.67,3.33,5.12,300,0.5822,82.4963,0.02215
470,360960,1852430,9987,17.933,76.67,21.0,2.33,5.23,300,0.6285,85.8337,0.0183
471,361728,1856194,10011,17.88,77.33,20.0,2.67,4.9,296,0.5944,93.4039,0.01467
472,362496,1860017,10033,17.98,78.33,19.0,2.67,4.98,294,0.6101,59.8978,0.03647
473,363264,1863713,10051,18.13,79.33,17.33,3.33,4.81,292,0.6304,46.6202,0.02661
474,364032,1867638,10077,17.907,80.33,16.67,3.0,5.11,287,0.6917,92.444,0.01723
475,364800,1871148,10095,17.71,80.0,17.33,2.67,4.57,281,0.691,76.4935,0.0213
476,365568,1874627,10116,17.773,79.0,18.0,3.0,4.53,278,0.75,72.8703,0.01266
477,366336,1878037,10131,17.78,79.33,18.0,2.67,4.44,272,0.757,72.0819,0.02419
478,367104,1880817,10149,17.57,79.67,17.67,2.67,3.62,268,0.7419,121.2562,0.01323
479,367872,1883765,10162,17.487,80.33,16.33,3.33,3.84,264,0.7725,44.3151,0.01987
480,368640,1886611,10179,17.62,80.33,16.67,3.0,3.71,260,0.8465,57.6069,0.01059
481,369408,1889835,10199,17.403,80.0,16.67,3.33,4.2,257,0.8425,57.5898,0.01757
482,370176,1892906,10213,17.333,79.67,17.0,3.33,4.0,256,0.8026,61.3004,0.01071
483,370944,1895805,10237,17.377,78.0,18.0,4.0,3.77,253,0.8228,104.6675,0.01492
484,371712,1899115,10258,17.417,77.33,17.67,5.0,4.31,249,0.7698,80.766,0.00856
485,372480,1902596,10278,17.283,78.0,16.67,5.33,4.53,248,0.5577,25.3462,0.01889
486,373248,1906218,10298,17.407,77.67,16.33,6.0,4.72,247,0.528,52.4509,0.00341
487,374016,1909731,10318,17.57,77.67,16.33,6.0,4.57,243,0.4574,48.7525,0.01222
488,374784,1913019,10337,17.467,77.33,16.67,6.0,4.28,242,0.4085,85.6559,0.04519
489,375552,1916331,10354,17.347,77.67,16.33,6.0,4.31,239,0.3792,28.2692,0.01438
490,376320,1919888,10371,17.287,77.0,17.0,6.0,4.63,235,0.5196,119.0232,0.02811
491,377088,1923473,10393,17.14,76.67,16.67,6.67,4.67,232,0.5688,60.6964,0.01653
492,377856,1926961,10418,16.96,75.67,17.67,6.67,4.54,228,0.5877,161.2795,0.01663
493,378624,1931015,10439,17.02,75.33,18.0,6.67,5.28,227,0.6022,93.9333,0.01243
494,379392,1934999,10458,16.88,75.33,18.0,6.67,5.19,226,0.6506,73.2675,0.01444
495,380160,1938831,10477,16.733,74.33,18.33,7.33,4.99,225,0.6724,89.3431,0.01724
496,380928,1942470,10499,16.843,75.0,17.67,7.33,4.74,223,0.6557,78.3349,0.03211
497,381696,1945901,10519,16.853,75.67,17.33,7.0,4.47,222,0.5581,83.9591,0.03149
498,382464,1949726,10544,16.96,75.33,18.0,6.67,4.98,219,0.6982,201.2068,0.02242
499,383232,1953471,10562,16.927,74.33,20.0,5.67,4.88,218,0.8521,105.4606,0.00909
500,384000,1957330,10585,16.87,73.0,22.0,5.0,5.02,216,0.8279,97.2005,0.00978
501,384768,1960802,10605,16.543,73.0,22.33,4.67,4.52,215,0.7594,69.1788,0.01691
502,385536,1964188,10623,16.417,70.33,24.33,5.33,4.41,213,0.6999,118.4713,0.01213
503,386304,1968061,10649,16.303,69.0,25.67,5.33,5.04,212,0.6116,134.6318,0.02209
504,387072,1971649,10671,16.043,68.67,25.67,5.67,4.67,210,0.65,78.5327,0.01381
505,387840,1975750,10694,15.877,69.0,25.67,5.33,5.34,209,0.6677,121.5946,0.0106
506,388608,1979869,10715,16.173,70.0,24.33,5.67,5.36,208,0.6426,114.8505,0.03821
507,389376,1983623,10735,16.217,71.67,23.33,5.0,4.89,205,0.5227,26.8572,0.02226
508,390144,1987244,10756,16.497,71.33,23.67,5.0,4.71,204,0.6556,106.4341,0.01949
509,390912,1990700,10778,16.42,71.67,24.0,4.33,4.5,203,0.8273,92.1563,0.01518
510,391680,1994541,10803,16.41,71.33,23.67,5.0,5.0,201,0.7484,83.7996,0.02297
511,392448,1998114,10826,16.2,71.0,24.0,5.0,4.65,200,0.7768,118.5092,0.01442
512,393216,2001611,10848,16.423,73.67,21.33,5.0,4.55,199,0.7287,97.7345,0.01864
513,393984,2005232,10870,16.64,73.33,21.67,5.0,4.71,198,0.756,143.7201,0.03702
514,394752,2009151,10898,16.76,74.67,20.67,4.67,5.1,196,0.7339,82.5324,0.01921
515,395520,2012717,10924,16.847,77.0,19.0,4.0,4.64,195,0.7265,89.3434,0.02307
516,396288,2016203,10942,16.863,77.67,18.67,3.67,4.54,193,0.7159,55.2117,0.01264
517,397056,2019674,10963,17.183,79.0,18.0,3.0,4.52,191,0.7639,75.3781,0.01647
518,397824,2023267,10983,17.42,78.0,18.67,3.33,4.68,190,0.7542,94.4894,0.00822
519,398592,2026674,11010,17.31,78.33,18.67,3.0,4.44,188,0.8215,105.0592,0.01635
520,399360,2029935,11036,17.133,76.0,20.67,3.33,4.25,187,0.775,143.5425,0.00676
521,400128,2033802,11064,16.883,77.67,19.67,2.67,5.04,186,0.7655,71.7234,0.03624
522,400896,2037302,11091,16.727,77.33,20.33,2.33,4.56,186,0.7646,83.6538,0.02588
523,401664,2041203,11120,16.597,75.33,22.0,2.67,5.08,185,0.8223,214.1954,0.03193
524,402432,2045061,11147,16.377,76.0,21.33,2.67,5.02,184,0.796,114.2176,0.03505
525,403200,2048609,11166,16.17,76.67,20.33,3.0,4.62,183,0.7461,62.1723,0.01522
526,403968,2052039,11183,16.37,78.33,18.67,3.0,4.47,182,0.7209,27.9211,0.01183
527,404736,2055281,11203,16.467,76.33,20.33,3.33,4.22,181,0.6644,132.3785,0.02374
528,405504,2059191,11229,16.323,76.0,20.67,3.33,5.09,181,0.5939,103.3432,0.02709
529,406272,2062757,11255,16.443,76.33,20.33,3.33,4.64,181,0.5503,68.2689,0.02161
530,407040,2066168,11276,16.11,76.0,20.67,3.33,4.44,180,0.6196,111.6993,0.05632
531,407808,2069957,11298,16.143,76.67,20.33,3.0,4.93,179,0.5246,63.3392,0.13697
532,408576,2073476,11320,16.07,75.33,21.0,3.67,4.58,179,0.5132,150.2766,0.11117
533,409344,2076848,11348,16.223,73.67,22.0,4.33,4.39,178,0.5766,171.503,0.10801
534,410112,2080505,11371,16.287,72.67,22.67,4.67,4.76,178,0.6318,122.4371,0.01501
535,410880,2084263,11397,16.567,70.33,25.67,4.0,4.89,177,0.8808,179.5159,0.03702
536,411648,2088074,11426,16.397,72.0,24.67,3.33,4.96,176,0.8357,108.8768,0.03228
537,412416,2092115,11449,16.313,72.33,24.33,3.33,5.26,176,0.8817,100.5461,0.12685
538,413184,2095831,11475,16.5,70.0,26.33,3.67,4.84,176,0.7636,93.7504,0.02407
539,413952,2099232,11490,16.367,68.67,28.0,3.33,4.43,176,0.7925,144.4317,0.01135
540,414720,2102673,11513,16.167,69.33,27.0,3.67,4.48,176,0.7602,55.0337,0.02316
541,415488,2106447,11539,15.813,67.0,29.0,4.0,4.91,177,0.7895,117.1045,0.02883
542,416256,2109887,11560,15.647,67.0,29.0,4.0,4.48,177,0.7051,97.6095,0.03175
543,417024,2113388,11577,15.563,67.33,28.67,4.0,4.56,177,0.7775,66.4623,0.03132
544,417792,2116470,11591,16.107,67.0,29.0,4.0,4.01,177,0.7625,93.0051,0.01731
545,418560,2119853,11610,16.137,67.67,27.67,4.67,4.4,177,0.7707,62.0823,0.00897
546,419328,2123062,11625,16.387,68.67,27.33,4.0,4.18,177,0.8555,27.4393,0.01676
547,420096,2126039,11641,16.547,69.0,27.33,3.67,3.88,177,0.8911,66.4674,0.01391
548,420864,2129582,11664,16.77,68.67,27.33,4.0,4.61,178,0.8359,85.5795,0.03978
549,421632,2132892,11691,16.313,69.0,25.67,5.33,4.31,178,0.8638,120.6596,0.02059
550,422400,2136101,11708,16.387,69.0,25.67,5.33,4.18,178,0.9731,154.6376,0.00904
551,423168,2139411,11724,16.6,68.0,26.33,5.67,4.31,177,0.9945,95.3694,0.0165
552,423936,2142659,11740,16.867,68.0,26.33,5.67,4.23,176,1.084,137.8737,0.02037
